step,sim_loss,d_t
1,0.0148593969643116,3
2,0.009144618175923824,3
3,0.005071605555713177,3
4,0.002130023902282119,3
5,0.0005241748294793069,3
6,0.0006893359241075814,3
7,0.0014945976436138153,3
8,0.001710294745862484,3
9,0.0012633003061637282,3
10,0.0008395094773732126,3
11,0.00053821672918275,3
12,0.00036396385985426605,3
13,0.00031476779258809984,3
14,0.0002976855030283332,3
15,0.0002710164990276098,3
16,0.00025255404761992395,3
17,0.0002221697213826701,3
18,0.00020540261175483465,3
19,0.0001838091411627829,3
20,0.00018568152154330164,3
21,0.0001962070382433012,3
22,0.00019295663514640182,3
23,0.00017714040586724877,3
24,0.00017546692106407136,3
25,0.0001611844782019034,3
26,0.0001360326277790591,3
27,0.00016294786473736167,3
28,0.00019819354929495603,3
29,0.00020349347323644906,3
30,0.00036115304101258516,3
31,0.0004547733988147229,3
32,0.0008069542236626148,3
33,0.0009687182609923184,3
34,0.0010082207154482603,3
35,0.0016371830133721232,3
36,0.0020623377058655024,3
37,0.002746419981122017,3
38,0.004938232246786356,3
39,0.005998833570629358,3
40,0.012346823699772358,3
41,0.012719816528260708,3
42,0.020207932218909264,3
43,0.02472502738237381,3
44,0.03702699393033981,3
45,0.045183148235082626,3
46,0.052169349044561386,3
47,0.08408204466104507,3
48,0.08733738213777542,3
49,0.09573096036911011,3
50,0.05721615254878998,3
51,0.07473357766866684,3
52,0.056255314499139786,3
53,0.04768116772174835,3
54,0.060049232095479965,3
55,0.04828093573451042,3
56,0.06842278689146042,3
57,0.03654789552092552,3
58,0.03857891261577606,3
59,0.06208224967122078,3
60,0.05275915190577507,3
61,0.049573373049497604,3
62,0.059734199196100235,3
63,0.061269666999578476,3
64,0.07709362357854843,3
65,0.07755307108163834,3
66,0.059848230332136154,3
67,0.08067156374454498,3
68,0.1192127987742424,3
69,0.08262476325035095,3
70,0.07116784900426865,3
71,0.052633222192525864,3
72,0.06639816612005234,3
73,0.07019416987895966,3
74,0.03838677331805229,3
75,0.079823799431324,3
76,0.04868323728442192,3
77,0.08076722174882889,3
78,0.07971030473709106,3
79,0.11360468715429306,3
80,0.05246296525001526,3
81,0.08697039633989334,3
82,0.06359702348709106,3
83,0.04395921900868416,3
84,0.03886714577674866,3
85,0.051761310547590256,3
86,0.05080808699131012,3
87,0.06582531332969666,3
88,0.05312829092144966,3
89,0.05701707676053047,3
90,0.07242133468389511,3
91,0.0945495069026947,3
92,0.047971174120903015,3
93,0.03880395367741585,3
94,0.04948035255074501,3
95,0.04971941187977791,3
96,0.05970566347241402,3
97,0.043569017201662064,3
98,0.05191676318645477,3
99,0.052744265645742416,3
100,0.057823389768600464,3
101,0.07738544791936874,3
102,0.057990361005067825,3
103,0.048425424844026566,3
104,0.031971316784620285,3
105,0.03451569378376007,3
106,0.04380019009113312,3
107,0.03457082808017731,3
108,0.02870931476354599,3
109,0.027115270495414734,3
110,0.04547441005706787,3
111,0.029411422088742256,3
112,0.035357531160116196,3
113,0.05210461840033531,3
114,0.04026292264461517,3
115,0.027114486321806908,3
116,0.026903877034783363,3
117,0.020316796377301216,3
118,0.019703414291143417,3
119,0.01911577582359314,3
120,0.025828758254647255,3
121,0.02156105637550354,3
122,0.024445226415991783,3
123,0.026967361569404602,3
124,0.03593462333083153,3
125,0.0439433753490448,3
126,0.03214021399617195,3
127,0.04006645455956459,3
128,0.025006690993905067,3
129,0.025554100051522255,3
130,0.012527820654213428,3
131,0.018067097291350365,3
132,0.014035495929419994,3
133,0.012707957066595554,3
134,0.011466081254184246,3
135,0.015921754762530327,3
136,0.011257396079599857,3
137,0.01684723235666752,3
138,0.02443929947912693,3
139,0.014955521561205387,3
140,0.013575229793787003,3
141,0.015891456976532936,3
142,0.014738678932189941,3
143,0.013280070386826992,3
144,0.010770830325782299,3
145,0.010667284019291401,3
146,0.008694392628967762,3
147,0.012958417646586895,3
148,0.012136665172874928,3
149,0.014254573732614517,3
150,0.010276482440531254,3
151,0.014764158986508846,3
152,0.01750534027814865,3
153,0.016306176781654358,3
154,0.020678216591477394,3
155,0.013256430625915527,3
156,0.011304020881652832,3
157,0.01047168206423521,3
158,0.01347952801734209,3
159,0.01031535491347313,3
160,0.015509054996073246,3
161,0.015495152212679386,3
162,0.008831202052533627,3
163,0.011528052389621735,3
164,0.014778029173612595,3
165,0.015219318680465221,3
166,0.01211075484752655,3
167,0.012139786034822464,3
168,0.0186826903373003,3
169,0.01951543055474758,3
170,0.014259278774261475,3
171,0.01036124024540186,3
172,0.008899901993572712,3
173,0.00688856840133667,3
174,0.010278350673615932,3
175,0.008269035257399082,3
176,0.008659694343805313,3
177,0.006858804728835821,3
178,0.00922258198261261,3
179,0.005976287182420492,3
180,0.016210198402404785,3
181,0.01112331822514534,3
182,0.015226505696773529,3
183,0.011989655904471874,3
184,0.011918079107999802,3
185,0.010702325962483883,3
186,0.0095398910343647,3
187,0.007330240681767464,3
188,0.01112281996756792,3
189,0.010692496784031391,3
190,0.014147321693599224,3
191,0.01628555729985237,3
192,0.011741439811885357,3
193,0.016615768894553185,3
194,0.01342842448502779,3
195,0.013611002825200558,3
196,0.013633896596729755,3
197,0.015581953339278698,3
198,0.010402691550552845,3
199,0.012922290712594986,3
200,0.013396804220974445,3
201,0.00931463297456503,3
202,0.012632000260055065,3
203,0.010360264219343662,3
204,0.01601383276283741,3
205,0.017590684816241264,3
206,0.009746142663061619,3
207,0.01716606877744198,3
208,0.020105374976992607,3
209,0.010885928757488728,3
210,0.017474623396992683,3
211,0.023250147700309753,3
212,0.017845185473561287,3
213,0.016926486045122147,3
214,0.013221848756074905,3
215,0.017037900164723396,3
216,0.010554298758506775,3
217,0.018998613581061363,3
218,0.014901370741426945,3
219,0.011716782115399837,3
220,0.009670528583228588,3
221,0.01587790809571743,3
222,0.018994348123669624,3
223,0.0237388014793396,3
224,0.018142635002732277,3
225,0.014729470014572144,3
226,0.01510386448353529,3
227,0.013391577638685703,3
228,0.016841905191540718,3
229,0.019803112372756004,3
230,0.020375434309244156,3
231,0.01780172996222973,3
232,0.020918533205986023,3
233,0.019314782693982124,3
234,0.02433699183166027,3
235,0.023652927950024605,3
236,0.02505878359079361,3
237,0.02971242368221283,3
238,0.03027833253145218,3
239,0.025407835841178894,3
240,0.03154280409216881,3
241,0.03337820991873741,3
242,0.03701004758477211,3
243,0.024060985073447227,3
244,0.03605592995882034,3
245,0.033387441188097,3
246,0.03954019024968147,3
247,0.04354115203022957,3
248,0.02913852594792843,3
249,0.0313604436814785,3
250,0.04006518796086311,3
251,0.044501159340143204,3
252,0.043927792459726334,3
253,0.05310215428471565,3
254,0.04152076318860054,3
255,0.051021475344896317,3
256,0.05556517466902733,3
257,0.046916425228118896,3
258,0.05618874728679657,3
259,0.06351444125175476,3
260,0.10753049701452255,3
261,0.07290022820234299,3
262,0.06281975656747818,3
263,0.07289189845323563,3
264,0.066327303647995,3
265,0.05388232693076134,3
266,0.060976579785346985,3
267,0.08551088720560074,3
268,0.12174027413129807,3
269,0.14600001275539398,3
270,0.13149119913578033,3
271,0.09924646466970444,3
272,0.15243102610111237,3
273,0.11077157407999039,3
274,0.09667489677667618,3
275,0.10084113478660583,3
276,0.09822960942983627,3
277,0.0903577134013176,3
278,0.0838032141327858,3
279,0.0800854042172432,3
280,0.0941876769065857,3
281,0.06919611990451813,3
282,0.09623634815216064,3
283,0.08217561990022659,3
284,0.1123562753200531,3
285,0.06662192940711975,3
286,0.057398080825805664,3
287,0.08459431678056717,3
288,0.08118290454149246,3
289,0.06753077358007431,3
290,0.07191070914268494,3
291,0.08393446356058121,3
292,0.06036168336868286,3
293,0.06656605005264282,3
294,0.05823196843266487,3
295,0.07590708881616592,3
296,0.0901913270354271,3
297,0.05512549355626106,3
298,0.04390849173069,3
299,0.05498289689421654,3
300,0.048722270876169205,3
301,0.05127914249897003,3
302,0.04773317277431488,3
303,0.05416982248425484,3
304,0.04588580131530762,3
305,0.07115866988897324,3
306,0.03471152111887932,3
307,0.05863460898399353,3
308,0.07508210092782974,3
309,0.10295852273702621,3
310,0.10874035954475403,3
311,0.09489068388938904,3
312,0.08124355971813202,3
313,0.042915452271699905,3
314,0.05056716129183769,3
315,0.03419322893023491,3
316,0.032621901482343674,3
317,0.03931673243641853,3
318,0.0258701890707016,3
319,0.02628389000892639,3
320,0.041710544377565384,3
321,0.054227858781814575,3
322,0.03651691600680351,3
323,0.06588128209114075,3
324,0.06055239960551262,3
325,0.06332969665527344,3
326,0.05483618006110191,3
327,0.037133049219846725,3
328,0.04538758471608162,3
329,0.04699529707431793,3
330,0.03713556006550789,3
331,0.05460954084992409,3
332,0.05495695769786835,3
333,0.048673197627067566,3
334,0.04828333854675293,3
335,0.07129108905792236,3
336,0.06205059960484505,3
337,0.06832324713468552,3
338,0.06921187788248062,3
339,0.062133725732564926,3
340,0.05467255786061287,3
341,0.08046292513608932,3
342,0.05091870203614235,3
343,0.044298697263002396,3
344,0.04488595947623253,3
345,0.041500549763441086,3
346,0.04369044676423073,3
347,0.048512086272239685,3
348,0.04383831098675728,3
349,0.042129840701818466,3
350,0.0413101501762867,3
351,0.03533162921667099,3
352,0.05072246119379997,3
353,0.041473157703876495,3
354,0.06425619125366211,3
355,0.05095267668366432,3
356,0.04459637403488159,3
357,0.04225911572575569,3
358,0.03888919949531555,3
359,0.03383977338671684,3
360,0.03184249624609947,3
361,0.0411260724067688,3
362,0.057397183030843735,3
363,0.037751179188489914,3
364,0.040732260793447495,3
365,0.05438545346260071,3
366,0.050469815731048584,3
367,0.06163221225142479,3
368,0.051802802830934525,3
369,0.02933189459145069,3
370,0.055992141366004944,3
371,0.04511044919490814,3
372,0.05388085916638374,3
373,0.049313779920339584,3
374,0.05886882543563843,3
375,0.0474630743265152,3
376,0.03762144222855568,3
377,0.045150745660066605,3
378,0.048866018652915955,3
379,0.056736018508672714,3
380,0.04742887243628502,3
381,0.05307009816169739,3
382,0.06108253821730614,3
383,0.04369853809475899,3
384,0.04943652078509331,3
385,0.05610114336013794,3
386,0.06031509116292,3
387,0.05470190942287445,3
388,0.042265165597200394,3
389,0.05455467104911804,3
390,0.06596711277961731,3
391,0.03425164148211479,3
392,0.03647160530090332,3
393,0.04455608129501343,3
394,0.04454396665096283,3
395,0.03657063469290733,3
396,0.034148309379816055,3
397,0.043263424187898636,3
398,0.04095343127846718,3
399,0.0467371828854084,3
400,0.03830551728606224,3
401,0.040148910135030746,3
402,0.0409381240606308,3
403,0.04689658805727959,3
404,0.03931456059217453,3
405,0.04512947425246239,3
406,0.05165138840675354,3
407,0.055588483810424805,3
408,0.05900151655077934,3
409,0.07378820329904556,3
410,0.055918533354997635,3
411,0.057573676109313965,3
412,0.05215175822377205,3
413,0.0344126932322979,3
414,0.04261393845081329,3
415,0.03880973905324936,3
416,0.04415114223957062,3
417,0.03931128606200218,3
418,0.04577763006091118,3
419,0.048322226852178574,3
420,0.04648584499955177,3
421,0.036467358469963074,3
422,0.05185430124402046,3
423,0.06341314315795898,3
424,0.056549157947301865,3
425,0.05510218068957329,3
426,0.04051700234413147,3
427,0.04221818223595619,3
428,0.04766891896724701,3
429,0.05508450046181679,3
430,0.06293220072984695,3
431,0.05195318162441254,3
432,0.0660475566983223,3
433,0.06216506287455559,3
434,0.048444315791130066,3
435,0.04984048008918762,3
436,0.04988586902618408,3
437,0.03353402391076088,3
438,0.04492958262562752,3
439,0.039948996156454086,3
440,0.04641629755496979,3
441,0.034910183399915695,3
442,0.03853626176714897,3
443,0.025546440854668617,3
444,0.030344581231474876,3
445,0.023583928123116493,3
446,0.025148026645183563,3
447,0.021827325224876404,3
448,0.028307290747761726,3
449,0.026525089517235756,3
450,0.03380163013935089,3
451,0.04195667803287506,3
452,0.056066352874040604,3
453,0.041995275765657425,3
454,0.04699967801570892,3
455,0.07096605002880096,3
456,0.07187064737081528,3
457,0.05445437505841255,3
458,0.05810772255063057,3
459,0.041116680949926376,3
460,0.05206984654068947,3
461,0.052189867943525314,3
462,0.05253233015537262,3
463,0.049739375710487366,3
464,0.03486628457903862,3
465,0.035462841391563416,3
466,0.028190992772579193,3
467,0.03705650940537453,3
468,0.038599755614995956,3
469,0.03050052560865879,3
470,0.0419398657977581,3
471,0.04447505995631218,3
472,0.03603921830654144,3
473,0.035410765558481216,3
474,0.031564418226480484,3
475,0.05035315454006195,3
476,0.03596619889140129,3
477,0.0340697355568409,3
478,0.036212336272001266,3
479,0.04018479958176613,3
480,0.042790163308382034,3
481,0.04548642411828041,3
482,0.04067014157772064,3
483,0.033281147480010986,3
484,0.052017658948898315,3
485,0.05432966351509094,3
486,0.04272206127643585,3
487,0.04968233034014702,3
488,0.05010216310620308,3
489,0.04689386487007141,3
490,0.06118350103497505,3
491,0.046197306364774704,3
492,0.04519181326031685,3
493,0.060750171542167664,3
494,0.05304667726159096,3
495,0.057153329253196716,3
496,0.045719414949417114,3
497,0.058026473969221115,3
498,0.056992873549461365,3
499,0.05036792531609535,3
500,0.058170076459646225,3
501,0.05286527797579765,3
502,0.05411384627223015,3
503,0.057688552886247635,3
504,0.04468969628214836,3
505,0.049072135239839554,3
506,0.05311514809727669,3
507,0.0480303056538105,3
508,0.05176122114062309,3
509,0.038194965571165085,3
510,0.056574076414108276,3
511,0.05253637954592705,3
512,0.031452398747205734,3
513,0.037432488054037094,3
514,0.03308778628706932,3
515,0.050917353481054306,3
516,0.04140492156147957,3
517,0.03315795585513115,3
518,0.03847462311387062,3
519,0.03423774614930153,3
520,0.043163541704416275,3
521,0.058228056877851486,3
522,0.04270342364907265,3
523,0.046561241149902344,3
524,0.035393521189689636,3
525,0.04824967682361603,3
526,0.057242557406425476,3
527,0.05063353106379509,3
528,0.04652567207813263,3
529,0.048259809613227844,3
530,0.04641066864132881,3
531,0.05736188963055611,3
532,0.05584330856800079,3
533,0.06010241433978081,3
534,0.06056203320622444,3
535,0.05548955872654915,3
536,0.0652705729007721,3
537,0.059618253260850906,3
538,0.06460025161504745,3
539,0.08114280551671982,3
540,0.0791095569729805,3
541,0.05054008588194847,3
542,0.05801725387573242,3
543,0.04821649193763733,3
544,0.05956880375742912,3
545,0.051925476640462875,3
546,0.03389526903629303,3
547,0.05456596240401268,3
548,0.061544522643089294,3
549,0.06675580888986588,3
550,0.06769975274801254,3
551,0.06979615986347198,3
552,0.06957995146512985,3
553,0.059783365577459335,3
554,0.05185403302311897,3
555,0.07478334754705429,3
556,0.08218282461166382,3
557,0.07359245419502258,3
558,0.053628772497177124,3
559,0.060810208320617676,3
560,0.046790216118097305,3
561,0.05899268761277199,3
562,0.06056145951151848,3
563,0.08766188472509384,3
564,0.08995774388313293,3
565,0.07695461064577103,3
566,0.05629556253552437,3
567,0.06157427653670311,3
568,0.06284327059984207,3
569,0.08271456509828568,3
570,0.06280335038900375,3
571,0.1301145702600479,3
572,0.0792417824268341,3
573,0.08310850709676743,3
574,0.05613848939538002,3
575,0.06659851223230362,3
576,0.07124390453100204,3
577,0.06240269914269447,3
578,0.06706254929304123,3
579,0.05454697087407112,3
580,0.06839048862457275,3
581,0.053668249398469925,3
582,0.05270944908261299,3
583,0.059607040137052536,3
584,0.050458017736673355,3
585,0.06355378776788712,3
586,0.07064419239759445,3
587,0.07739827781915665,3
588,0.08000201731920242,3
589,0.059413980692625046,3
590,0.10318165272474289,3
591,0.07128740102052689,3
592,0.059855904430150986,3
593,0.07917345315217972,3
594,0.07080152630805969,3
595,0.06760616600513458,3
596,0.09836050122976303,3
597,0.09167081862688065,3
598,0.10428691655397415,3
599,0.06069374084472656,3
600,0.06866598129272461,3
601,0.05153226852416992,3
602,0.068641297519207,3
603,0.06691164523363113,3
604,0.10442798584699631,3
605,0.08547467738389969,3
606,0.05936993658542633,3
607,0.05801339074969292,3
608,0.07398916780948639,3
609,0.06283722072839737,3
610,0.04809295013546944,3
611,0.07741595059633255,3
612,0.10105690360069275,3
613,0.0747465193271637,3
614,0.06767696887254715,3
615,0.06452316790819168,3
616,0.09276658296585083,3
617,0.07104045152664185,3
618,0.10710207372903824,3
619,0.07260758429765701,3
620,0.07560887932777405,3
621,0.07337159663438797,3
622,0.06738986819982529,3
623,0.05395638570189476,3
624,0.06183421239256859,3
625,0.11568456143140793,3
626,0.08597508072853088,3
627,0.07692291587591171,3
628,0.1119493842124939,3
629,0.07515078037977219,3
630,0.07487620413303375,3
631,0.07549857348203659,3
632,0.08535122126340866,3
633,0.0958598330616951,3
634,0.10357105731964111,3
635,0.09084466844797134,3
636,0.07405439764261246,3
637,0.08691000193357468,3
638,0.06610924005508423,3
639,0.08827818185091019,3
640,0.07897817343473434,3
641,0.08570308238267899,3
642,0.08564826101064682,3
643,0.07598330825567245,3
644,0.08471962064504623,3
645,0.1382875293493271,3
646,0.060404133051633835,3
647,0.08288512378931046,3
648,0.06256555765867233,3
649,0.09947957843542099,3
650,0.15142019093036652,3
651,0.12035556882619858,3
652,0.11851215362548828,3
653,0.12425798177719116,3
654,0.054584767669439316,3
655,0.04988965764641762,3
656,0.04338684305548668,3
657,0.04723410680890083,3
658,0.0688452497124672,3
659,0.07106439024209976,3
660,0.0395624078810215,3
661,0.05739324167370796,3
662,0.058246955275535583,3
663,0.08011795580387115,3
664,0.06747987121343613,3
665,0.08312005549669266,3
666,0.04930633306503296,3
667,0.06081363931298256,3
668,0.06878086179494858,3
669,0.05720851942896843,3
670,0.07363245636224747,3
671,0.07598578184843063,3
672,0.08802545815706253,3
673,0.05917665734887123,3
674,0.05317775532603264,3
675,0.07169276475906372,3
676,0.038858287036418915,3
677,0.05931953713297844,3
678,0.045208584517240524,3
679,0.06420867145061493,3
680,0.07242629677057266,3
681,0.07344617694616318,3
682,0.06584571301937103,3
683,0.06131570041179657,3
684,0.06125544384121895,3
685,0.07664180546998978,3
686,0.08621210604906082,3
687,0.09894279390573502,3
688,0.08319447934627533,3
689,0.06978011131286621,3
690,0.05612020567059517,3
691,0.0748290941119194,3
692,0.05769697204232216,3
693,0.04136401042342186,3
694,0.052859093993902206,3
695,0.043826282024383545,3
696,0.04378056526184082,3
697,0.05033813789486885,3
698,0.06673617660999298,3
699,0.07482817023992538,3
700,0.06832213699817657,3
701,0.07363373786211014,3
702,0.06241002306342125,3
703,0.07235885411500931,3
704,0.06888914853334427,3
705,0.05238805338740349,3
706,0.07591059058904648,3
707,0.056204136461019516,3
708,0.07212995737791061,3
709,0.08734280616044998,3
710,0.06973988562822342,3
711,0.12279153615236282,3
712,0.07987598329782486,3
713,0.08528540283441544,3
714,0.05966047942638397,3
715,0.05353871360421181,3
716,0.047630976885557175,3
717,0.06294716149568558,3
718,0.0551009364426136,3
719,0.07941419631242752,3
720,0.05851936712861061,3
721,0.05302582308650017,3
722,0.04983416199684143,3
723,0.0527968592941761,3
724,0.04648100957274437,3
725,0.04469256475567818,3
726,0.05722250044345856,3
727,0.03849025443196297,3
728,0.05953766778111458,3
729,0.05620404705405235,3
730,0.05425221100449562,3
731,0.06181110441684723,3
732,0.0646379142999649,3
733,0.06827931106090546,3
734,0.04936215654015541,3
735,0.05754934623837471,3
736,0.0647243782877922,3
737,0.04402640834450722,3
738,0.035336900502443314,3
739,0.04797479882836342,3
740,0.052750129252672195,3
741,0.038803115487098694,3
742,0.06211137771606445,3
743,0.05089807137846947,3
744,0.03299794718623161,3
745,0.038824182003736496,3
746,0.03542836755514145,3
747,0.05243543162941933,3
748,0.05214858427643776,3
749,0.061223819851875305,3
750,0.06890033930540085,3
751,0.06827982515096664,3
752,0.07076499611139297,3
753,0.07363718003034592,3
754,0.052858322858810425,3
755,0.038294095546007156,3
756,0.03993136063218117,3
757,0.04909120872616768,3
758,0.04828222468495369,3
759,0.04058114439249039,3
760,0.03728078305721283,3
761,0.040518324822187424,3
762,0.0338561087846756,3
763,0.04077902436256409,3
764,0.047890786081552505,3
765,0.03113115020096302,3
766,0.051431890577077866,3
767,0.045255374163389206,3
768,0.04001624509692192,3
769,0.06086812913417816,3
770,0.0396883487701416,3
771,0.03685950115323067,3
772,0.03298500180244446,3
773,0.04677160456776619,3
774,0.03464102745056152,3
775,0.044910937547683716,3
776,0.05269765481352806,3
777,0.03993399813771248,3
778,0.04451528191566467,3
779,0.046811968088150024,3
780,0.04245676472783089,3
781,0.03791019320487976,3
782,0.059114452451467514,3
783,0.042360980063676834,3
784,0.03788154199719429,3
785,0.060443539172410965,3
786,0.04084429517388344,3
787,0.028897816315293312,3
788,0.04687710478901863,3
789,0.03470209613442421,3
790,0.03890007734298706,3
791,0.03969704732298851,3
792,0.0345071516931057,3
793,0.029579900205135345,3
794,0.032959166914224625,3
795,0.044702619314193726,3
796,0.06256389617919922,3
797,0.0690654069185257,3
798,0.04949919879436493,3
799,0.0663616731762886,3
800,0.04771946743130684,3
801,0.054674338549375534,3
802,0.03779623284935951,3
803,0.04386093094944954,3
804,0.05136677250266075,3
805,0.05964627489447594,3
806,0.054315391927957535,3
807,0.044623252004384995,3
808,0.038693446666002274,3
809,0.040348637849092484,3
810,0.03392355144023895,3
811,0.05336570367217064,3
812,0.05118970945477486,3
813,0.05373631790280342,3
814,0.04196789488196373,3
815,0.038940344005823135,3
816,0.04461799934506416,3
817,0.04673145338892937,3
818,0.0516909658908844,3
819,0.049521367996931076,3
820,0.05239361524581909,3
821,0.035825517028570175,3
822,0.05523526668548584,3
823,0.05816845968365669,3
824,0.055980294942855835,3
825,0.041837289929389954,3
826,0.051988665014505386,3
827,0.03804574906826019,3
828,0.027702679857611656,3
829,0.031092220917344093,3
830,0.04188128933310509,3
831,0.02440476231276989,3
832,0.041683778166770935,3
833,0.02678695134818554,3
834,0.03427305445075035,3
835,0.04340675473213196,3
836,0.046664733439683914,3
837,0.034721266478300095,3
838,0.03736336529254913,3
839,0.025912443175911903,3
840,0.034580204635858536,3
841,0.03960224613547325,3
842,0.0378439798951149,3
843,0.035449445247650146,3
844,0.04018198698759079,3
845,0.030277160927653313,3
846,0.04489755257964134,3
847,0.039967890828847885,3
848,0.03019952028989792,3
849,0.042877424508333206,3
850,0.02784067578613758,3
851,0.031798042356967926,3
852,0.031074175611138344,3
853,0.03436312451958656,3
854,0.03139949217438698,3
855,0.02904140017926693,3
856,0.03435187786817551,3
857,0.03392241895198822,3
858,0.03124888986349106,3
859,0.03533565253019333,3
860,0.04187442362308502,3
861,0.04300694167613983,3
862,0.03241338953375816,3
863,0.022759107872843742,3
864,0.03628510236740112,3
865,0.041968852281570435,3
866,0.04297297075390816,3
867,0.033935319632291794,3
868,0.03332051262259483,3
869,0.024830782786011696,3
870,0.022028887644410133,3
871,0.03891528770327568,3
872,0.027196796610951424,3
873,0.044355928897857666,3
874,0.03534294664859772,3
875,0.039827439934015274,3
876,0.035446424037218094,3
877,0.03490200638771057,3
878,0.03365952521562576,3
879,0.03262833133339882,3
880,0.047810107469558716,3
881,0.03393903747200966,3
882,0.04588472843170166,3
883,0.041582632809877396,3
884,0.03826172277331352,3
885,0.03819809481501579,3
886,0.0460343174636364,3
887,0.04746975004673004,3
888,0.03269006684422493,3
889,0.040140580385923386,3
890,0.043673474341630936,3
891,0.04013380780816078,3
892,0.030973048880696297,3
893,0.03839504346251488,3
894,0.04372015967965126,3
895,0.030926262959837914,3
896,0.04082425311207771,3
897,0.023623110726475716,3
898,0.03671928867697716,3
899,0.03331083431839943,3
900,0.03390097618103027,3
901,0.03383156657218933,3
902,0.03625153377652168,3
903,0.02395731210708618,3
904,0.04034243896603584,3
905,0.03245894983410835,3
906,0.03435744345188141,3
907,0.03774561360478401,3
908,0.052993327379226685,3
909,0.03476526588201523,3
910,0.024463430047035217,3
911,0.04685802757740021,3
912,0.04463621601462364,3
913,0.0441790372133255,3
914,0.037074487656354904,3
915,0.030921727418899536,3
916,0.03317425027489662,3
917,0.030625103041529655,3
918,0.039705052971839905,3
919,0.03621138632297516,3
920,0.03557002171874046,3
921,0.034735046327114105,3
922,0.03551921620965004,3
923,0.04914339259266853,3
924,0.04599733278155327,3
925,0.038906279951334,3
926,0.030542289838194847,3
927,0.042000893503427505,3
928,0.04324277862906456,3
929,0.04958222806453705,3
930,0.052604641765356064,3
931,0.04283209517598152,3
932,0.04371532425284386,3
933,0.050964195281267166,3
934,0.043573688715696335,3
935,0.0488869808614254,3
936,0.04542222246527672,3
937,0.049171656370162964,3
938,0.03913949429988861,3
939,0.02838883362710476,3
940,0.030812272801995277,3
941,0.041608408093452454,3
942,0.041236404329538345,3
943,0.05347701534628868,3
944,0.044885843992233276,3
945,0.03563394024968147,3
946,0.03760744631290436,3
947,0.03581410273909569,3
948,0.03516361117362976,3
949,0.04380995035171509,3
950,0.03218604624271393,3
951,0.044797271490097046,3
952,0.03851829096674919,3
953,0.040748342871665955,3
954,0.03829069435596466,3
955,0.03660837933421135,3
956,0.044157613068819046,3
957,0.04721652343869209,3
958,0.03927585110068321,3
959,0.03389601409435272,3
960,0.043275073170661926,3
961,0.040111105889081955,3
962,0.026413505896925926,3
963,0.025708429515361786,3
964,0.028643429279327393,3
965,0.040484607219696045,3
966,0.03723903372883797,3
967,0.02907327376306057,3
968,0.024630911648273468,3
969,0.03129606321454048,3
970,0.02871222048997879,3
971,0.05517856776714325,3
972,0.03861860930919647,3
973,0.03577413037419319,3
974,0.03269043564796448,3
975,0.055673301219940186,3
976,0.03765099123120308,3
977,0.03266168013215065,3
978,0.03184745833277702,3
979,0.03025883436203003,3
980,0.031339798122644424,3
981,0.02347172051668167,3
982,0.029803991317749023,3
983,0.03329607844352722,3
984,0.03554266691207886,3
985,0.02480890601873398,3
986,0.030785784125328064,3
987,0.040812961757183075,3
988,0.02960832230746746,3
989,0.0262543186545372,3
990,0.031803976744413376,3
991,0.028304442763328552,3
992,0.03306135535240173,3
993,0.03084593079984188,3
994,0.024759193882346153,3
995,0.034025683999061584,3
996,0.03423285856842995,3
997,0.03713921830058098,3
998,0.039357662200927734,3
999,0.031680695712566376,3
1000,0.03912431374192238,3
1001,0.04937217757105827,3
1002,0.02427363395690918,3
1003,0.03154566138982773,3
1004,0.03855123743414879,3
1005,0.05349832773208618,3
1006,0.03212067112326622,3
1007,0.03459545597434044,3
1008,0.030179917812347412,3
1009,0.0458369143307209,3
1010,0.03737422451376915,3
1011,0.03172573447227478,3
1012,0.03384308144450188,3
1013,0.03354054316878319,3
1014,0.035811252892017365,3
1015,0.02556896209716797,3
1016,0.01981213502585888,3
1017,0.02982129342854023,3
1018,0.027511700987815857,3
1019,0.024349870160222054,3
1020,0.032600823789834976,3
1021,0.033984940499067307,3
1022,0.038826834410429,3
1023,0.03413625806570053,3
1024,0.041287440806627274,3
1025,0.0354037769138813,3
1026,0.06940324604511261,3
1027,0.03548106923699379,3
1028,0.04006898030638695,3
1029,0.05196687579154968,3
1030,0.04954981803894043,3
1031,0.042886704206466675,3
1032,0.04092228785157204,3
1033,0.02906787395477295,3
1034,0.03324613720178604,3
1035,0.0550868846476078,3
1036,0.045101359486579895,3
1037,0.0317867211997509,3
1038,0.027737388387322426,3
1039,0.024838006123900414,3
1040,0.03489018604159355,3
1041,0.03241840377449989,3
1042,0.03882686048746109,3
1043,0.037529390305280685,3
1044,0.03778272494673729,3
1045,0.027092203497886658,3
1046,0.026674196124076843,3
1047,0.03592431917786598,3
1048,0.03813279792666435,3
1049,0.04752901569008827,3
1050,0.03518400341272354,3
1051,0.028683170676231384,3
1052,0.037068746984004974,3
1053,0.02380790002644062,3
1054,0.031618501991033554,3
1055,0.03056829608976841,3
1056,0.035313256084918976,3
1057,0.022064218297600746,3
1058,0.023349476978182793,3
1059,0.03098449669778347,3
1060,0.031992699950933456,3
1061,0.03389807417988777,3
1062,0.02813747525215149,3
1063,0.022663777694106102,3
1064,0.037277817726135254,3
1065,0.03445768728852272,3
1066,0.0373833142220974,3
1067,0.020882638171315193,3
1068,0.033039484173059464,3
1069,0.020162710919976234,3
1070,0.03174368664622307,3
1071,0.02591148018836975,3
1072,0.02232430875301361,3
1073,0.035668183118104935,3
1074,0.037944722920656204,3
1075,0.03479798138141632,3
1076,0.02689642272889614,3
1077,0.024563832208514214,3
1078,0.018080519512295723,3
1079,0.017882419750094414,3
1080,0.027141058817505836,3
1081,0.02237897552549839,3
1082,0.03421369940042496,3
1083,0.038181524723768234,3
1084,0.034187331795692444,3
1085,0.024188868701457977,3
1086,0.0356365330517292,3
1087,0.031165555119514465,3
1088,0.0417313277721405,3
1089,0.036616548895835876,3
1090,0.028397036716341972,3
1091,0.03816114738583565,3
1092,0.026872677728533745,3
1093,0.03362627327442169,3
1094,0.03632787987589836,3
1095,0.043080758303403854,3
1096,0.030842067673802376,3
1097,0.033814821392297745,3
1098,0.034341368824243546,3
1099,0.02169785462319851,3
1100,0.03497903421521187,3
1101,0.03274812176823616,3
1102,0.03689950332045555,3
1103,0.023544594645500183,3
1104,0.03688361868262291,3
1105,0.029242156073451042,3
1106,0.03730373829603195,3
1107,0.05159769579768181,3
1108,0.03493532910943031,3
1109,0.019745497032999992,3
1110,0.035060103982686996,3
1111,0.02652285248041153,3
1112,0.03201843798160553,3
1113,0.038074053823947906,3
1114,0.02213396690785885,3
1115,0.024028509855270386,3
1116,0.03603443130850792,3
1117,0.03826291486620903,3
1118,0.031055182218551636,3
1119,0.048983681946992874,3
1120,0.029033949598670006,3
1121,0.03438122943043709,3
1122,0.027480795979499817,3
1123,0.03710253909230232,3
1124,0.03942946717143059,3
1125,0.02703075110912323,3
1126,0.03228730335831642,3
1127,0.03211231157183647,3
1128,0.024878807365894318,3
1129,0.03824843093752861,3
1130,0.039605140686035156,3
1131,0.027071567252278328,3
1132,0.028166621923446655,3
1133,0.02165408618748188,3
1134,0.028694570064544678,3
1135,0.03422996401786804,3
1136,0.05247671902179718,3
1137,0.03505127504467964,3
1138,0.02471415139734745,3
1139,0.03474798798561096,3
1140,0.02503819577395916,3
1141,0.032337259501218796,3
1142,0.030042415484786034,3
1143,0.030950302258133888,3
1144,0.049505919218063354,3
1145,0.02823532372713089,3
1146,0.027578840032219887,3
1147,0.04642373323440552,3
1148,0.027202442288398743,3
1149,0.021380042657256126,3
1150,0.026346281170845032,3
1151,0.026071662083268166,3
1152,0.022001221776008606,3
1153,0.026879921555519104,3
1154,0.040283795446157455,3
1155,0.024015814065933228,3
1156,0.038749247789382935,3
1157,0.028625229373574257,3
1158,0.0328194834291935,3
1159,0.03493569791316986,3
1160,0.022478556260466576,3
1161,0.03261010721325874,3
1162,0.028962217271327972,3
1163,0.03785942122340202,3
1164,0.032321762293577194,3
1165,0.046069275587797165,3
1166,0.02522996813058853,3
1167,0.034845076501369476,3
1168,0.02402540296316147,3
1169,0.033452291041612625,3
1170,0.02916501648724079,3
1171,0.04115021601319313,3
1172,0.0346762090921402,3
1173,0.02356879971921444,3
1174,0.03338927775621414,3
1175,0.0363427959382534,3
1176,0.03929980471730232,3
1177,0.02570234052836895,3
1178,0.03572336956858635,3
1179,0.0354529432952404,3
1180,0.02508833073079586,3
1181,0.031484439969062805,3
1182,0.02876225858926773,3
1183,0.024884015321731567,3
1184,0.02819511853158474,3
1185,0.02856731414794922,3
1186,0.03160419687628746,3
1187,0.0370711088180542,3
1188,0.03288374841213226,3
1189,0.02266012318432331,3
1190,0.046572163701057434,3
1191,0.03181404247879982,3
1192,0.027162441983819008,3
1193,0.0192370917648077,3
1194,0.03102523274719715,3
1195,0.03113008849322796,3
1196,0.031359389424324036,3
1197,0.03652217611670494,3
1198,0.03769754245877266,3
1199,0.043903615325689316,3
1200,0.0316200777888298,3
1201,0.03204617276787758,3
1202,0.034793976694345474,3
1203,0.020814893767237663,3
1204,0.020738104358315468,3
1205,0.03622710704803467,3
1206,0.02421141415834427,3
1207,0.030727731063961983,3
1208,0.02015692926943302,3
1209,0.023714235052466393,3
1210,0.02716541849076748,3
1211,0.027631202712655067,3
1212,0.03456045687198639,3
1213,0.04067020118236542,3
1214,0.03480282053351402,3
1215,0.039996009320020676,3
1216,0.03882475569844246,3
1217,0.03128329664468765,3
1218,0.03722381964325905,3
1219,0.035502348095178604,3
1220,0.019784580916166306,3
1221,0.04577687755227089,3
1222,0.040519606322050095,3
1223,0.03763918578624725,3
1224,0.029335474595427513,3
1225,0.027905425056815147,3
1226,0.03558308631181717,3
1227,0.02488388679921627,3
1228,0.028556840494275093,3
1229,0.038051873445510864,3
1230,0.02749759517610073,3
1231,0.01885323040187359,3
1232,0.021138302981853485,3
1233,0.0227749552577734,3
1234,0.01750251092016697,3
1235,0.014409522525966167,3
1236,0.027193525806069374,3
1237,0.016299810260534286,3
1238,0.01941264420747757,3
1239,0.018294278532266617,3
1240,0.025287514552474022,3
1241,0.020373675972223282,3
1242,0.028335021808743477,3
1243,0.02917325496673584,3
1244,0.03318857401609421,3
1245,0.0300209391862154,3
1246,0.03336073085665703,3
1247,0.03496435284614563,3
1248,0.06493765115737915,3
1249,0.042414214462041855,3
1250,0.029121840372681618,3
1251,0.02770216204226017,3
1252,0.02776656113564968,3
1253,0.03579151630401611,3
1254,0.03490694239735603,3
1255,0.03958640247583389,3
1256,0.030853355303406715,3
1257,0.02456924319267273,3
1258,0.028810247778892517,3
1259,0.032958678901195526,3
1260,0.03563011810183525,3
1261,0.027885936200618744,3
1262,0.03664124384522438,3
1263,0.028671545907855034,3
1264,0.0400778092443943,3
1265,0.04036661610007286,3
1266,0.0342298187315464,3
1267,0.02885061502456665,3
1268,0.02513180859386921,3
1269,0.03506382554769516,3
1270,0.029318703338503838,3
1271,0.037106435745954514,3
1272,0.03290785476565361,3
1273,0.04165436699986458,3
1274,0.02245027758181095,3
1275,0.0313836894929409,3
1276,0.021380102261900902,3
1277,0.021587155759334564,3
1278,0.02726888842880726,3
1279,0.023388942703604698,3
1280,0.025639599189162254,3
1281,0.028014542534947395,3
1282,0.022046580910682678,3
1283,0.024612268432974815,3
1284,0.038812410086393356,3
1285,0.025701189413666725,3
1286,0.026851944625377655,3
1287,0.040197595953941345,3
1288,0.04110488295555115,3
1289,0.03072904795408249,3
1290,0.032457608729600906,3
1291,0.02689068578183651,3
1292,0.035246361047029495,3
1293,0.026605447754263878,3
1294,0.03949359431862831,3
1295,0.03879082202911377,3
1296,0.04400474205613136,3
1297,0.026310080662369728,3
1298,0.03170466795563698,3
1299,0.031092077493667603,3
1300,0.029788056388497353,3
1301,0.028326718136668205,3
1302,0.03752784803509712,3
1303,0.033499326556921005,3
1304,0.025621118023991585,3
1305,0.04052000120282173,3
1306,0.027597544714808464,3
1307,0.0335434265434742,3
1308,0.030407145619392395,3
1309,0.05765387415885925,3
1310,0.027123644948005676,3
1311,0.02902456931769848,3
1312,0.04167395457625389,3
1313,0.03743879869580269,3
1314,0.04596514627337456,3
1315,0.03506329283118248,3
1316,0.02632644772529602,3
1317,0.03072403557598591,3
1318,0.027750281617045403,3
1319,0.04051186516880989,3
1320,0.032183099538087845,3
1321,0.028070470318198204,3
1322,0.035544756799936295,3
1323,0.031872306019067764,3
1324,0.022916845977306366,3
1325,0.02884707599878311,3
1326,0.03577924892306328,3
1327,0.02581724524497986,3
1328,0.03315182402729988,3
1329,0.029689079150557518,3
1330,0.02855483628809452,3
1331,0.022180849686264992,3
1332,0.0299486443400383,3
1333,0.03500058129429817,3
1334,0.03934764117002487,3
1335,0.0412401519715786,3
1336,0.03860700502991676,3
1337,0.02809755690395832,3
1338,0.041683997958898544,3
1339,0.028269469738006592,3
1340,0.02691287361085415,3
1341,0.02833646722137928,3
1342,0.041301243007183075,3
1343,0.028369789943099022,3
1344,0.030627088621258736,3
1345,0.04066220298409462,3
1346,0.04144541919231415,3
1347,0.03627897799015045,3
1348,0.02907014824450016,3
1349,0.025270743295550346,3
1350,0.031034162268042564,3
1351,0.048529814928770065,3
1352,0.03525272011756897,3
1353,0.045822128653526306,3
1354,0.03531290218234062,3
1355,0.03925648331642151,3
1356,0.02407233417034149,3
1357,0.03969394415616989,3
1358,0.04471351578831673,3
1359,0.028992196545004845,3
1360,0.05168052390217781,3
1361,0.039194557815790176,3
1362,0.03145512565970421,3
1363,0.04365071281790733,3
1364,0.03545613959431648,3
1365,0.029404228553175926,3
1366,0.04443105682730675,3
1367,0.041334982961416245,3
1368,0.024805819615721703,3
1369,0.03243694826960564,3
1370,0.03137757256627083,3
1371,0.03652874752879143,3
1372,0.05526605248451233,3
1373,0.0232662633061409,3
1374,0.02828235737979412,3
1375,0.02779323421418667,3
1376,0.031955402344465256,3
1377,0.024160349741578102,3
1378,0.025323515757918358,3
1379,0.029757140204310417,3
1380,0.025676721706986427,3
1381,0.023072635754942894,3
1382,0.029276251792907715,3
1383,0.030508987605571747,3
1384,0.027397600933909416,3
1385,0.025206884369254112,3
1386,0.025082239881157875,3
1387,0.030912859365344048,3
1388,0.020708143711090088,3
1389,0.029139133170247078,3
1390,0.020807331427931786,3
1391,0.026193557307124138,3
1392,0.025921592488884926,3
1393,0.026299117133021355,3
1394,0.022769993171095848,3
1395,0.030461007729172707,3
1396,0.0284938532859087,3
1397,0.027696453034877777,3
1398,0.025443779304623604,3
1399,0.03914739936590195,3
1400,0.02864833176136017,3
1401,0.0345802865922451,3
1402,0.024477295577526093,3
1403,0.026130245998501778,3
1404,0.026302209123969078,3
1405,0.030665403231978416,3
1406,0.03726080432534218,3
1407,0.02327757328748703,3
1408,0.023448003455996513,3
1409,0.024195043370127678,3
1410,0.0298957210034132,3
1411,0.027802137657999992,3
1412,0.019466523081064224,3
1413,0.0294810701161623,3
1414,0.02267814427614212,3
1415,0.03222919628024101,3
1416,0.0268170777708292,3
1417,0.03446842357516289,3
1418,0.026878824457526207,3
1419,0.02510283887386322,3
1420,0.025911157950758934,3
1421,0.02937561832368374,3
1422,0.02770344726741314,3
1423,0.02456420660018921,3
1424,0.026167510077357292,3
1425,0.025411078706383705,3
1426,0.019154522567987442,3
1427,0.02494782954454422,3
1428,0.019876182079315186,3
1429,0.02806832641363144,3
1430,0.027453942224383354,3
1431,0.022504715248942375,3
1432,0.02550499327480793,3
1433,0.02243366837501526,3
1434,0.02490711398422718,3
1435,0.04080580919981003,3
1436,0.022178055718541145,3
1437,0.03840205445885658,3
1438,0.02893323265016079,3
1439,0.02673586644232273,3
1440,0.018952568992972374,3
1441,0.01776883937418461,3
1442,0.03069777600467205,3
1443,0.022048220038414,3
1444,0.02577902190387249,3
1445,0.024540936574339867,3
1446,0.031821880489587784,3
1447,0.04015311971306801,3
1448,0.026788605377078056,3
1449,0.027057288214564323,3
1450,0.02152281440794468,3
1451,0.037582460790872574,3
1452,0.028392693027853966,3
1453,0.030789189040660858,3
1454,0.02329055406153202,3
1455,0.029669925570487976,3
1456,0.02512560971081257,3
1457,0.02371116541326046,3
1458,0.03606202453374863,3
1459,0.024301430210471153,3
1460,0.022655842825770378,3
1461,0.028622373938560486,3
1462,0.03903782740235329,3
1463,0.035050440579652786,3
1464,0.041622210294008255,3
1465,0.031745586544275284,3
1466,0.02297891490161419,3
1467,0.0187325831502676,3
1468,0.02610883116722107,3
1469,0.029788300395011902,3
1470,0.028791753575205803,3
1471,0.02980903722345829,3
1472,0.022307341918349266,3
1473,0.027613870799541473,3
1474,0.031536996364593506,3
1475,0.02298138290643692,3
1476,0.025454089045524597,3
1477,0.0237176101654768,3
1478,0.028421714901924133,3
1479,0.029130034148693085,3
1480,0.022562233731150627,3
1481,0.0201959777623415,3
1482,0.028364501893520355,3
1483,0.02208111621439457,3
1484,0.02866266667842865,3
1485,0.024252673611044884,3
1486,0.022721892222762108,3
1487,0.01630740612745285,3
1488,0.020520493388175964,3
1489,0.020427456125617027,3
1490,0.02991797961294651,3
1491,0.022231534123420715,3
1492,0.023917635902762413,3
1493,0.01838010549545288,3
1494,0.03386414423584938,3
1495,0.028956791386008263,3
1496,0.023316791281104088,3
1497,0.024163812398910522,3
1498,0.030799224972724915,3
1499,0.02624795027077198,3
1500,0.023475365713238716,3
1501,0.07552527636289597,3
1502,0.07232147455215454,3
1503,0.07730939239263535,3
1504,0.08837699890136719,3
1505,0.08408570289611816,3
1506,0.05455911532044411,3
1507,0.06709949672222137,3
1508,0.08263090997934341,3
1509,0.060270726680755615,3
1510,0.09715986996889114,3
1511,0.10945025831460953,3
1512,0.08577030897140503,3
1513,0.09498348832130432,3
1514,0.06471984088420868,3
1515,0.08788607269525528,3
1516,0.10849200934171677,3
1517,0.0823112279176712,3
1518,0.08613916486501694,3
1519,0.09786636382341385,3
1520,0.0956602618098259,3
1521,0.093440942466259,3
1522,0.09053396433591843,3
1523,0.09340617060661316,3
1524,0.08358284831047058,3
1525,0.09019934386014938,3
1526,0.05812441185116768,3
1527,0.0673854723572731,3
1528,0.08718178421258926,3
1529,0.08744493871927261,3
1530,0.08209196478128433,3
1531,0.07985403388738632,3
1532,0.06193488836288452,3
1533,0.08157763630151749,3
1534,0.06522063165903091,3
1535,0.07146438211202621,3
1536,0.04584592580795288,3
1537,0.06871145218610764,3
1538,0.05548083782196045,3
1539,0.06484850496053696,3
1540,0.06388445943593979,3
1541,0.0643225833773613,3
1542,0.057326313108205795,3
1543,0.05549117922782898,3
1544,0.07080065459012985,3
1545,0.06864370405673981,3
1546,0.06583826243877411,3
1547,0.07261945307254791,3
1548,0.07192596048116684,3
1549,0.06227298453450203,3
1550,0.06905411183834076,3
1551,0.0704755187034607,3
1552,0.05033854767680168,3
1553,0.0502987764775753,3
1554,0.047123778611421585,3
1555,0.05944113805890083,3
1556,0.04523919150233269,3
1557,0.052530687302351,3
1558,0.054751958698034286,3
1559,0.05240567401051521,3
1560,0.05225338414311409,3
1561,0.05372902750968933,3
1562,0.046877387911081314,3
1563,0.04132753238081932,3
1564,0.05645586550235748,3
1565,0.0628124475479126,3
1566,0.056729305535554886,3
1567,0.07653672248125076,3
1568,0.05553353205323219,3
1569,0.08851421624422073,3
1570,0.08326225727796555,3
1571,0.0670231506228447,3
1572,0.07293132692575455,3
1573,0.06669878959655762,3
1574,0.045603055506944656,3
1575,0.049798909574747086,3
1576,0.06849075108766556,3
1577,0.06633815169334412,3
1578,0.06526648253202438,3
1579,0.05904575064778328,3
1580,0.05420196056365967,3
1581,0.05880342051386833,3
1582,0.06764597445726395,3
1583,0.050789814442396164,3
1584,0.046448320150375366,3
1585,0.05221492052078247,3
1586,0.06073548272252083,3
1587,0.04996034875512123,3
1588,0.04806800186634064,3
1589,0.06515253335237503,3
1590,0.05925745889544487,3
1591,0.0493517704308033,3
1592,0.06193685159087181,3
1593,0.057086799293756485,3
1594,0.055355120450258255,3
1595,0.06083456054329872,3
1596,0.06652558594942093,3
1597,0.0591697134077549,3
1598,0.058515507727861404,3
1599,0.05408132076263428,3
1600,0.05652286484837532,3
1601,0.05228951945900917,3
1602,0.06139415502548218,3
1603,0.06408306956291199,3
1604,0.04185828939080238,3
1605,0.053956422954797745,3
1606,0.06604158878326416,3
1607,0.05282701551914215,3
1608,0.05210263654589653,3
1609,0.06110602989792824,3
1610,0.04538508877158165,3
1611,0.055555131286382675,3
1612,0.042052265256643295,3
1613,0.05627843737602234,3
1614,0.05507059022784233,3
1615,0.06006789579987526,3
1616,0.05368341878056526,3
1617,0.04919622465968132,3
1618,0.05465032532811165,3
1619,0.07390189915895462,3
1620,0.07832170277833939,3
1621,0.062311261892318726,3
1622,0.06783146411180496,3
1623,0.05189668759703636,3
1624,0.04575210437178612,3
1625,0.05877557769417763,3
1626,0.057560112327337265,3
1627,0.06111510470509529,3
1628,0.051247548311948776,3
1629,0.06024168059229851,3
1630,0.049571167677640915,3
1631,0.046645667403936386,3
1632,0.04184544086456299,3
1633,0.05862988159060478,3
1634,0.0433487705886364,3
1635,0.04065761715173721,3
1636,0.05814071372151375,3
1637,0.04886989668011665,3
1638,0.06156871095299721,3
1639,0.05589418113231659,3
1640,0.06484448164701462,3
1641,0.060911472886800766,3
1642,0.05300049111247063,3
1643,0.05539305508136749,3
1644,0.05554169416427612,3
1645,0.034999530762434006,3
1646,0.059556931257247925,3
1647,0.045492783188819885,3
1648,0.06067534163594246,3
1649,0.04663122072815895,3
1650,0.0467955581843853,3
1651,0.04281509295105934,3
1652,0.055253684520721436,3
1653,0.032087136059999466,3
1654,0.044934142380952835,3
1655,0.039604250341653824,3
1656,0.04832420125603676,3
1657,0.05538288131356239,3
1658,0.06297505646944046,3
1659,0.055165451020002365,3
1660,0.06077773869037628,3
1661,0.06167005002498627,3
1662,0.05486385151743889,3
1663,0.08539005368947983,3
1664,0.06922145932912827,3
1665,0.060582030564546585,3
1666,0.059761956334114075,3
1667,0.048830851912498474,3
1668,0.05197889730334282,3
1669,0.04028135910630226,3
1670,0.04262693598866463,3
1671,0.04613050818443298,3
1672,0.041610974818468094,3
1673,0.029746264219284058,3
1674,0.04985981062054634,3
1675,0.04143291339278221,3
1676,0.0484321303665638,3
1677,0.03221597895026207,3
1678,0.048537541180849075,3
1679,0.042687591165304184,3
1680,0.036854442209005356,3
1681,0.043423350900411606,3
1682,0.03189726173877716,3
1683,0.03818152844905853,3
1684,0.03968515619635582,3
1685,0.029770979657769203,3
1686,0.044913217425346375,3
1687,0.04192216694355011,3
1688,0.06384847313165665,3
1689,0.0487605445086956,3
1690,0.03563957288861275,3
1691,0.057109326124191284,3
1692,0.05112485587596893,3
1693,0.05480928719043732,3
1694,0.05514237657189369,3
1695,0.04366089776158333,3
1696,0.04956920072436333,3
1697,0.047761645168066025,3
1698,0.046376630663871765,3
1699,0.04036449268460274,3
1700,0.03728341683745384,3
1701,0.04234328866004944,3
1702,0.035580430179834366,3
1703,0.03482266888022423,3
1704,0.03424663096666336,3
1705,0.0447942316532135,3
1706,0.036994028836488724,3
1707,0.04277079179883003,3
1708,0.042802825570106506,3
1709,0.05437575280666351,3
1710,0.043600451201200485,3
1711,0.041840389370918274,3
1712,0.04769905284047127,3
1713,0.04078872874379158,3
1714,0.06710916012525558,3
1715,0.050384391099214554,3
1716,0.06106726825237274,3
1717,0.06038469076156616,3
1718,0.06088181957602501,3
1719,0.06040525808930397,3
1720,0.04596333205699921,3
1721,0.05522586405277252,3
1722,0.05011528730392456,3
1723,0.04354901239275932,3
1724,0.03590378537774086,3
1725,0.0341612845659256,3
1726,0.049740079790353775,3
1727,0.030530890449881554,3
1728,0.030938386917114258,3
1729,0.047699224203825,3
1730,0.040991660207509995,3
1731,0.02851063571870327,3
1732,0.03747831657528877,3
1733,0.041412558406591415,3
1734,0.04393811523914337,3
1735,0.048871759325265884,3
1736,0.06284517794847488,3
1737,0.05380659177899361,3
1738,0.046789973974227905,3
1739,0.05964643135666847,3
1740,0.06235862895846367,3
1741,0.04380100592970848,3
1742,0.055501241236925125,3
1743,0.058553118258714676,3
1744,0.042432382702827454,3
1745,0.059996847063302994,3
1746,0.047569796442985535,3
1747,0.06345287710428238,3
1748,0.038550835102796555,3
1749,0.03754155710339546,3
1750,0.03337518498301506,3
1751,0.03848588839173317,3
1752,0.03134920075535774,3
1753,0.04490441083908081,3
1754,0.04396454617381096,3
1755,0.04011044278740883,3
1756,0.0408843494951725,3
1757,0.03951122239232063,3
1758,0.04776589572429657,3
1759,0.037308260798454285,3
1760,0.03615138679742813,3
1761,0.030128642916679382,3
1762,0.06338395923376083,3
1763,0.0379914864897728,3
1764,0.0423753522336483,3
1765,0.049188271164894104,3
1766,0.04285147413611412,3
1767,0.042003083974123,3
1768,0.04186542332172394,3
1769,0.0469699464738369,3
1770,0.057535964995622635,3
1771,0.05512404441833496,3
1772,0.046528980135917664,3
1773,0.05321973189711571,3
1774,0.04045121744275093,3
1775,0.03211791068315506,3
1776,0.03510285168886185,3
1777,0.035638485103845596,3
1778,0.045936018228530884,3
1779,0.03382061421871185,3
1780,0.04135027155280113,3
1781,0.03692835941910744,3
1782,0.049593131989240646,3
1783,0.04580564424395561,3
1784,0.04776310548186302,3
1785,0.05145641788840294,3
1786,0.0478472001850605,3
1787,0.046889528632164,3
1788,0.040938086807727814,3
1789,0.04273043945431709,3
1790,0.035215869545936584,3
1791,0.04366167262196541,3
1792,0.033423420041799545,3
1793,0.04475882649421692,3
1794,0.029276691377162933,3
1795,0.0430329255759716,3
1796,0.031005362048745155,3
1797,0.03985538333654404,3
1798,0.052873387932777405,3
1799,0.04210580885410309,3
1800,0.046778853982686996,3
1801,0.05748562142252922,3
1802,0.04615476727485657,3
1803,0.04026632383465767,3
1804,0.03250085934996605,3
1805,0.0566074438393116,3
1806,0.049810539931058884,3
1807,0.04192877188324928,3
1808,0.040397606790065765,3
1809,0.046380266547203064,3
1810,0.03354223072528839,3
1811,0.03205874562263489,3
1812,0.030747564509510994,3
1813,0.03141521289944649,3
1814,0.04799043759703636,3
1815,0.05322384834289551,3
1816,0.046019066125154495,3
1817,0.04621158540248871,3
1818,0.04653412103652954,3
1819,0.037619318813085556,3
1820,0.0400342158973217,3
1821,0.0460442490875721,3
1822,0.04059511423110962,3
1823,0.04007560387253761,3
1824,0.03445243835449219,3
1825,0.026510089635849,3
1826,0.04489174485206604,3
1827,0.04350295662879944,3
1828,0.04887501522898674,3
1829,0.04256538674235344,3
1830,0.05483746528625488,3
1831,0.03676827624440193,3
1832,0.04808656498789787,3
1833,0.03634589910507202,3
1834,0.03207973763346672,3
1835,0.05148481950163841,3
1836,0.04194599390029907,3
1837,0.047820795327425,3
1838,0.03587782010436058,3
1839,0.034096814692020416,3
1840,0.04580145701766014,3
1841,0.04473509266972542,3
1842,0.039823018014431,3
1843,0.04581728205084801,3
1844,0.03261314332485199,3
1845,0.03259249031543732,3
1846,0.033205803483724594,3
1847,0.028447048738598824,3
1848,0.02338566817343235,3
1849,0.0445466972887516,3
1850,0.033112987875938416,3
1851,0.04652829468250275,3
1852,0.04528975486755371,3
1853,0.04184655845165253,3
1854,0.04480890557169914,3
1855,0.0465087890625,3
1856,0.04914632812142372,3
1857,0.04174244776368141,3
1858,0.02740352787077427,3
1859,0.04007837548851967,3
1860,0.03318482264876366,3
1861,0.04378608241677284,3
1862,0.03491707891225815,3
1863,0.04349970817565918,3
1864,0.04528872296214104,3
1865,0.04068627581000328,3
1866,0.04965585470199585,3
1867,0.03833793103694916,3
1868,0.043114904314279556,3
1869,0.03704093024134636,3
1870,0.036668624728918076,3
1871,0.03881866857409477,3
1872,0.038745682686567307,3
1873,0.04775268957018852,3
1874,0.03111507184803486,3
1875,0.03815426304936409,3
1876,0.02969346009194851,3
1877,0.02856927365064621,3
1878,0.033277202397584915,3
1879,0.04284132644534111,3
1880,0.0383344329893589,3
1881,0.04304191470146179,3
1882,0.03750987723469734,3
1883,0.04560357704758644,3
1884,0.04357890784740448,3
1885,0.03832405060529709,3
1886,0.057031240314245224,3
1887,0.04362260922789574,3
1888,0.054012950509786606,3
1889,0.05986687168478966,3
1890,0.038648571819067,3
1891,0.050402238965034485,3
1892,0.04321474954485893,3
1893,0.06008000671863556,3
1894,0.04843777418136597,3
1895,0.041465695947408676,3
1896,0.03768646717071533,3
1897,0.03317013010382652,3
1898,0.03286832943558693,3
1899,0.032864976674318314,3
1900,0.03753437101840973,3
1901,0.035522978752851486,3
1902,0.04820762574672699,3
1903,0.050826553255319595,3
1904,0.052370935678482056,3
1905,0.03318950906395912,3
1906,0.040614936500787735,3
1907,0.02932094782590866,3
1908,0.05653359368443489,3
1909,0.048453520983457565,3
1910,0.02753768116235733,3
1911,0.030795827507972717,3
1912,0.0331011563539505,3
1913,0.03166746348142624,3
1914,0.028593862429261208,3
1915,0.026679759845137596,3
1916,0.03624682500958443,3
1917,0.02672789990901947,3
1918,0.024986619129776955,3
1919,0.030845865607261658,3
1920,0.021466603502631187,3
1921,0.024125466123223305,3
1922,0.03543149679899216,3
1923,0.03445185720920563,3
1924,0.0319051668047905,3
1925,0.03525415435433388,3
1926,0.031149333342909813,3
1927,0.03270677104592323,3
1928,0.037221767008304596,3
1929,0.04093147814273834,3
1930,0.03741087764501572,3
1931,0.038076791912317276,3
1932,0.03659996762871742,3
1933,0.02863692305982113,3
1934,0.041257355362176895,3
1935,0.03987165540456772,3
1936,0.03565775230526924,3
1937,0.03714167699217796,3
1938,0.04220417141914368,3
1939,0.028321852907538414,3
1940,0.04367101565003395,3
1941,0.03828207775950432,3
1942,0.04589800164103508,3
1943,0.03671438992023468,3
1944,0.037865057587623596,3
1945,0.030910661444067955,3
1946,0.042153239250183105,3
1947,0.03407398238778114,3
1948,0.03630298003554344,3
1949,0.037350837141275406,3
1950,0.03144562989473343,3
1951,0.05953926965594292,3
1952,0.032154809683561325,3
1953,0.026545636355876923,3
1954,0.0388387106359005,3
1955,0.04718959704041481,3
1956,0.03686856850981712,3
1957,0.03918994963169098,3
1958,0.03315805643796921,3
1959,0.028492838144302368,3
1960,0.03556157276034355,3
1961,0.04281928017735481,3
1962,0.029830193147063255,3
1963,0.05267995223402977,3
1964,0.04424986615777016,3
1965,0.048740509897470474,3
1966,0.037607837468385696,3
1967,0.030643709003925323,3
1968,0.04584421589970589,3
1969,0.04077133163809776,3
1970,0.05262034013867378,3
1971,0.04649483039975166,3
1972,0.04556083306670189,3
1973,0.05258018150925636,3
1974,0.056305304169654846,3
1975,0.03753730654716492,3
1976,0.04207231104373932,3
1977,0.044203534722328186,3
1978,0.041387371718883514,3
1979,0.04619980230927467,3
1980,0.03786120191216469,3
1981,0.03881143406033516,3
1982,0.03495307266712189,3
1983,0.04554162919521332,3
1984,0.051660776138305664,3
1985,0.044868823140859604,3
1986,0.04291621223092079,3
1987,0.033387038856744766,3
1988,0.039257898926734924,3
1989,0.03936280310153961,3
1990,0.03353574126958847,3
1991,0.03595651686191559,3
1992,0.03703801706433296,3
1993,0.03460930660367012,3
1994,0.029091060161590576,3
1995,0.03271849825978279,3
1996,0.0325288288295269,3
1997,0.03150743991136551,3
1998,0.044990766793489456,3
1999,0.054311592131853104,3
2000,0.04923608526587486,3
2001,0.03941992670297623,3
2002,0.03659921884536743,3
2003,0.03678204491734505,3
2004,0.03661387786269188,3
2005,0.0380203016102314,3
2006,0.03936975076794624,3
2007,0.04712439700961113,3
2008,0.03867305442690849,3
2009,0.05077706649899483,3
2010,0.029180020093917847,3
2011,0.03689637407660484,3
2012,0.0369897224009037,3
2013,0.03213779255747795,3
2014,0.03756233677268028,3
2015,0.036242540925741196,3
2016,0.03596942871809006,3
2017,0.037453792989254,3
2018,0.03887113928794861,3
2019,0.036418743431568146,3
2020,0.026754945516586304,3
2021,0.03282958269119263,3
2022,0.0420193187892437,3
2023,0.04303259029984474,3
2024,0.03123212605714798,3
2025,0.028523586690425873,3
2026,0.030271753668785095,3
2027,0.04556626081466675,3
2028,0.04702463373541832,3
2029,0.04394492506980896,3
2030,0.04172384738922119,3
2031,0.0328204371035099,3
2032,0.0326952263712883,3
2033,0.032412100583314896,3
2034,0.03394865617156029,3
2035,0.039980653673410416,3
2036,0.04734570160508156,3
2037,0.0249872375279665,3
2038,0.03368319943547249,3
2039,0.042044658213853836,3
2040,0.04173089563846588,3
2041,0.03879741206765175,3
2042,0.028480293229222298,3
2043,0.04197056218981743,3
2044,0.030025571584701538,3
2045,0.03729658201336861,3
2046,0.03145750239491463,3
2047,0.04300045967102051,3
2048,0.033400289714336395,3
2049,0.047447193413972855,3
2050,0.023579686880111694,3
2051,0.033684734255075455,3
2052,0.03258681669831276,3
2053,0.02696808986365795,3
2054,0.03570729121565819,3
2055,0.0279980655759573,3
2056,0.0529690645635128,3
2057,0.027917491272091866,3
2058,0.04630475863814354,3
2059,0.036479201167821884,3
2060,0.04035186395049095,3
2061,0.03938722237944603,3
2062,0.050607483834028244,3
2063,0.042115747928619385,3
2064,0.041384924203157425,3
2065,0.04032595828175545,3
2066,0.04179985821247101,3
2067,0.04901418462395668,3
2068,0.04434682056307793,3
2069,0.03372729569673538,3
2070,0.034819480031728745,3
2071,0.040483977645635605,3
2072,0.04900224134325981,3
2073,0.03796672075986862,3
2074,0.036555271595716476,3
2075,0.054061055183410645,3
2076,0.05366593971848488,3
2077,0.04170620068907738,3
2078,0.04785649850964546,3
2079,0.0493362657725811,3
2080,0.024545153602957726,3
2081,0.04879079759120941,3
2082,0.04336440563201904,3
2083,0.03289804235100746,3
2084,0.04491175711154938,3
2085,0.03992791101336479,3
2086,0.03882315382361412,3
2087,0.03439771384000778,3
2088,0.03266483172774315,3
2089,0.046344906091690063,3
2090,0.031527042388916016,3
2091,0.028192877769470215,3
2092,0.02956380881369114,3
2093,0.03546583652496338,3
2094,0.039705876260995865,3
2095,0.04806223139166832,3
2096,0.0321110337972641,3
2097,0.028964007273316383,3
2098,0.03505009412765503,3
2099,0.044181957840919495,3
2100,0.044967710971832275,3
2101,0.03572620078921318,3
2102,0.04326052963733673,3
2103,0.045474693179130554,3
2104,0.05364057794213295,3
2105,0.02756953239440918,3
2106,0.02947196364402771,3
2107,0.0484764389693737,3
2108,0.04793178662657738,3
2109,0.04157693684101105,3
2110,0.02588724158704281,3
2111,0.03585416451096535,3
2112,0.03233524039387703,3
2113,0.039986737072467804,3
2114,0.038598787039518356,3
2115,0.033849555999040604,3
2116,0.03466496989130974,3
2117,0.027239592745900154,3
2118,0.027580125257372856,3
2119,0.037994276732206345,3
2120,0.021629882976412773,3
2121,0.03305000439286232,3
2122,0.03526166081428528,3
2123,0.04381456598639488,3
2124,0.04103519022464752,3
2125,0.0351913757622242,3
2126,0.026411376893520355,3
2127,0.04031595215201378,3
2128,0.038840580731630325,3
2129,0.047636728733778,3
2130,0.03751049563288689,3
2131,0.036830440163612366,3
2132,0.03175413981080055,3
2133,0.0312722884118557,3
2134,0.02371332235634327,3
2135,0.03513537347316742,3
2136,0.04284444451332092,3
2137,0.03711650148034096,3
2138,0.03150886669754982,3
2139,0.031828057020902634,3
2140,0.036717336624860764,3
2141,0.0299889724701643,3
2142,0.03821047767996788,3
2143,0.04429061710834503,3
2144,0.04407263174653053,3
2145,0.03167799487709999,3
2146,0.03030640073120594,3
2147,0.03625383600592613,3
2148,0.035677965730428696,3
2149,0.042503733187913895,3
2150,0.03008461184799671,3
2151,0.03130720183253288,3
2152,0.023658476769924164,3
2153,0.038452181965112686,3
2154,0.03160765394568443,3
2155,0.02703329175710678,3
2156,0.04180080071091652,3
2157,0.03693053498864174,3
2158,0.04565011337399483,3
2159,0.0449579656124115,3
2160,0.04571034386754036,3
2161,0.04650088772177696,3
2162,0.045947398990392685,3
2163,0.04200642183423042,3
2164,0.031478285789489746,3
2165,0.042555615305900574,3
2166,0.036387890577316284,3
2167,0.056100159883499146,3
2168,0.041477736085653305,3
2169,0.0601276159286499,3
2170,0.03444221615791321,3
2171,0.03605717420578003,3
2172,0.04683598875999451,3
2173,0.025907957926392555,3
2174,0.04360722377896309,3
2175,0.0656835213303566,3
2176,0.03502656891942024,3
2177,0.03449922427535057,3
2178,0.04147632047533989,3
2179,0.03383909538388252,3
2180,0.0325925350189209,3
2181,0.020409228280186653,3
2182,0.03248567879199982,3
2183,0.038422297686338425,3
2184,0.031800199300050735,3
2185,0.02473290264606476,3
2186,0.02452717535197735,3
2187,0.030505793169140816,3
2188,0.02097538858652115,3
2189,0.026927059516310692,3
2190,0.032567303627729416,3
2191,0.029423214495182037,3
2192,0.03880895674228668,3
2193,0.03109203279018402,3
2194,0.039716076105833054,3
2195,0.03486907109618187,3
2196,0.049424007534980774,3
2197,0.055928900837898254,3
2198,0.029376789927482605,3
2199,0.040388453751802444,3
2200,0.05580192431807518,3
2201,0.031618695706129074,3
2202,0.03129420056939125,3
2203,0.03795839473605156,3
2204,0.04031112790107727,3
2205,0.029229283332824707,3
2206,0.034498002380132675,3
2207,0.036763641983270645,3
2208,0.04437292739748955,3
2209,0.029923995956778526,3
2210,0.03010609745979309,3
2211,0.039732713252305984,3
2212,0.04295150935649872,3
2213,0.041827958077192307,3
2214,0.046112727373838425,3
2215,0.046153560280799866,3
2216,0.03180883452296257,3
2217,0.03152437135577202,3
2218,0.036102574318647385,3
2219,0.0334932841360569,3
2220,0.03908902034163475,3
2221,0.04352368414402008,3
2222,0.0539303719997406,3
2223,0.022566845640540123,3
2224,0.03269876912236214,3
2225,0.04085578769445419,3
2226,0.05302894115447998,3
2227,0.06082668900489807,3
2228,0.07319807261228561,3
2229,0.04657713696360588,3
2230,0.05411688983440399,3
2231,0.04157036170363426,3
2232,0.04139488562941551,3
2233,0.03250774368643761,3
2234,0.02836589515209198,3
2235,0.032100994139909744,3
2236,0.05251707509160042,3
2237,0.031862158328294754,3
2238,0.0457901656627655,3
2239,0.03348430618643761,3
2240,0.042236823588609695,3
2241,0.04220451042056084,3
2242,0.03603602573275566,3
2243,0.027120398357510567,3
2244,0.03567759320139885,3
2245,0.04181268438696861,3
2246,0.05498751625418663,3
2247,0.03220579773187637,3
2248,0.044665127992630005,3
2249,0.042969632893800735,3
2250,0.04032893851399422,3
2251,0.0370241217315197,3
2252,0.03737078607082367,3
2253,0.04226750135421753,3
2254,0.03736815229058266,3
2255,0.038502227514982224,3
2256,0.03643239662051201,3
2257,0.05847739055752754,3
2258,0.047863755375146866,3
2259,0.031213143840432167,3
2260,0.03754619508981705,3
2261,0.04398295283317566,3
2262,0.050347328186035156,3
2263,0.03645002841949463,3
2264,0.03878943994641304,3
2265,0.0831868052482605,3
2266,0.04274836555123329,3
2267,0.03020104579627514,3
2268,0.044599499553442,3
2269,0.03605630621314049,3
2270,0.0413699708878994,3
2271,0.03742712363600731,3
2272,0.03478088229894638,3
2273,0.03528497368097305,3
2274,0.05332213267683983,3
2275,0.030993742868304253,3
2276,0.03727307915687561,3
2277,0.036708131432533264,3
2278,0.029742242768406868,3
2279,0.035346630960702896,3
2280,0.034235525876283646,3
2281,0.030873527750372887,3
2282,0.029562300071120262,3
2283,0.03624909743666649,3
2284,0.05088568851351738,3
2285,0.04354357346892357,3
2286,0.06558484584093094,3
2287,0.04260869696736336,3
2288,0.06232462823390961,3
2289,0.05389728769659996,3
2290,0.06176592782139778,3
2291,0.03725360706448555,3
2292,0.04765266180038452,3
2293,0.04836475849151611,3
2294,0.03956395387649536,3
2295,0.03906971216201782,3
2296,0.03981070592999458,3
2297,0.027623549103736877,3
2298,0.0294289980083704,3
2299,0.0313999243080616,3
2300,0.018095631152391434,3
2301,0.0394340418279171,3
2302,0.03117404319345951,3
2303,0.038057904690504074,3
2304,0.04041007533669472,3
2305,0.036014821380376816,3
2306,0.0361827090382576,3
2307,0.04618091508746147,3
2308,0.05558441951870918,3
2309,0.045164283365011215,3
2310,0.0443701297044754,3
2311,0.044708434492349625,3
2312,0.05007888749241829,3
2313,0.029147004708647728,3
2314,0.04488696530461311,3
2315,0.03094802051782608,3
2316,0.038766320794820786,3
2317,0.027736881747841835,3
2318,0.037252750247716904,3
2319,0.04668165370821953,3
2320,0.040860194712877274,3
2321,0.024699270725250244,3
2322,0.03619496524333954,3
2323,0.04792975261807442,3
2324,0.0397789441049099,3
2325,0.029307207092642784,3
2326,0.03686157986521721,3
2327,0.037615060806274414,3
2328,0.04334262013435364,3
2329,0.04133480787277222,3
2330,0.033428534865379333,3
2331,0.02923016995191574,3
2332,0.03707938268780708,3
2333,0.04764409735798836,3
2334,0.040989506989717484,3
2335,0.04654458165168762,3
2336,0.03922620043158531,3
2337,0.052269503474235535,3
2338,0.04660654440522194,3
2339,0.04556138813495636,3
2340,0.03958594426512718,3
2341,0.04311349615454674,3
2342,0.043395448476076126,3
2343,0.04083207994699478,3
2344,0.046799302101135254,3
2345,0.048049818724393845,3
2346,0.039383456110954285,3
2347,0.04036462679505348,3
2348,0.030824249610304832,3
2349,0.025791680440306664,3
2350,0.036777518689632416,3
2351,0.02926238812506199,3
2352,0.024700229987502098,3
2353,0.035654690116643906,3
2354,0.041688233613967896,3
2355,0.028820917010307312,3
2356,0.029278265312314034,3
2357,0.028705855831503868,3
2358,0.03702215105295181,3
2359,0.03567181155085564,3
2360,0.04557454213500023,3
2361,0.02908533811569214,3
2362,0.023904504254460335,3
2363,0.0297341737896204,3
2364,0.025896521285176277,3
2365,0.03742869570851326,3
2366,0.0318976454436779,3
2367,0.03969867527484894,3
2368,0.03397567570209503,3
2369,0.03962132707238197,3
2370,0.035158608108758926,3
2371,0.026756683364510536,3
2372,0.0259587112814188,3
2373,0.033978577703237534,3
2374,0.039492908865213394,3
2375,0.03993536904454231,3
2376,0.04921955242753029,3
2377,0.03647365793585777,3
2378,0.04342711344361305,3
2379,0.036289032548666,3
2380,0.046627894043922424,3
2381,0.05239543691277504,3
2382,0.04502669349312782,3
2383,0.03509709984064102,3
2384,0.024360835552215576,3
2385,0.026705393567681313,3
2386,0.025458572432398796,3
2387,0.031052030622959137,3
2388,0.029037879779934883,3
2389,0.029592052102088928,3
2390,0.034476641565561295,3
2391,0.0307555440813303,3
2392,0.03458332642912865,3
2393,0.0523650087416172,3
2394,0.03793137148022652,3
2395,0.025895101949572563,3
2396,0.0417792908847332,3
2397,0.03318268433213234,3
2398,0.05943429470062256,3
2399,0.03625432029366493,3
2400,0.03787359222769737,3
2401,0.051614176481962204,3
2402,0.03546948730945587,3
2403,0.030701786279678345,3
2404,0.05937865003943443,3
2405,0.04367051646113396,3
2406,0.04416344687342644,3
2407,0.049485933035612106,3
2408,0.025969361886382103,3
2409,0.038871798664331436,3
2410,0.03966442868113518,3
2411,0.03590317443013191,3
2412,0.04539429768919945,3
2413,0.030579717829823494,3
2414,0.029284633696079254,3
2415,0.034459348767995834,3
2416,0.032171789556741714,3
2417,0.03276744857430458,3
2418,0.03275628760457039,3
2419,0.03971198573708534,3
2420,0.031080840155482292,3
2421,0.05033199116587639,3
2422,0.03695667162537575,3
2423,0.03189441189169884,3
2424,0.044179290533065796,3
2425,0.03222447261214256,3
2426,0.05120155215263367,3
2427,0.031248733401298523,3
2428,0.03531776741147041,3
2429,0.03178386390209198,3
2430,0.037893474102020264,3
2431,0.03160399571061134,3
2432,0.04180000349879265,3
2433,0.03480234369635582,3
2434,0.03605121746659279,3
2435,0.0381925143301487,3
2436,0.04223472997546196,3
2437,0.034615349024534225,3
2438,0.03085133247077465,3
2439,0.03073120303452015,3
2440,0.030876485630869865,3
2441,0.027479922398924828,3
2442,0.03336012735962868,3
2443,0.0393415242433548,3
2444,0.041035447269678116,3
2445,0.042478907853364944,3
2446,0.036606285721063614,3
2447,0.033189911395311356,3
2448,0.04806460812687874,3
2449,0.034516625106334686,3
2450,0.03462019935250282,3
2451,0.039188649505376816,3
2452,0.03992944583296776,3
2453,0.03190310671925545,3
2454,0.04269002750515938,3
2455,0.03604632988572121,3
2456,0.02984924614429474,3
2457,0.03288274258375168,3
2458,0.01935034990310669,3
2459,0.04166731238365173,3
2460,0.031701311469078064,3
2461,0.03041335940361023,3
2462,0.030210068449378014,3
2463,0.02291572093963623,3
2464,0.035000696778297424,3
2465,0.025255249813199043,3
2466,0.02751200646162033,3
2467,0.031260401010513306,3
2468,0.03577272593975067,3
2469,0.03276653215289116,3
2470,0.03543807938694954,3
2471,0.02758476696908474,3
2472,0.04404808580875397,3
2473,0.041066352277994156,3
2474,0.04519228637218475,3
2475,0.044869840145111084,3
2476,0.03274141997098923,3
2477,0.04295334219932556,3
2478,0.033220186829566956,3
2479,0.031384292989969254,3
2480,0.02739051543176174,3
2481,0.034629181027412415,3
2482,0.032630402594804764,3
2483,0.037394046783447266,3
2484,0.03396449610590935,3
2485,0.031274959444999695,3
2486,0.043083060532808304,3
2487,0.03427255526185036,3
2488,0.033325955271720886,3
2489,0.04404918849468231,3
2490,0.027903536334633827,3
2491,0.0425453782081604,3
2492,0.028248256072402,3
2493,0.03432716056704521,3
2494,0.03836394473910332,3
2495,0.03147020936012268,3
2496,0.044663507491350174,3
2497,0.029277240857481956,3
2498,0.0367727167904377,3
2499,0.030461566522717476,3
2500,0.038068246096372604,3
2501,0.03007863275706768,3
2502,0.025516452267766,3
2503,0.03816001117229462,3
2504,0.03798029571771622,3
2505,0.02828925848007202,3
2506,0.037289127707481384,3
2507,0.028612544760107994,3
2508,0.028864307329058647,3
2509,0.03753141313791275,3
2510,0.03356299176812172,3
2511,0.02507534623146057,3
2512,0.02371295727789402,3
2513,0.03185057267546654,3
2514,0.03332139924168587,3
2515,0.03279261663556099,3
2516,0.03833289071917534,3
2517,0.04351818561553955,3
2518,0.04346604645252228,3
2519,0.023285293951630592,3
2520,0.025473570451140404,3
2521,0.03472325578331947,3
2522,0.023395642638206482,3
2523,0.03181704878807068,3
2524,0.031071892008185387,3
2525,0.03405609354376793,3
2526,0.03237951919436455,3
2527,0.03866439685225487,3
2528,0.026378870010375977,3
2529,0.030150488018989563,3
2530,0.028879372403025627,3
2531,0.028322996571660042,3
2532,0.025717439129948616,3
2533,0.03884037211537361,3
2534,0.02884739823639393,3
2535,0.04489968717098236,3
2536,0.03141045570373535,3
2537,0.028267713263630867,3
2538,0.032780248671770096,3
2539,0.03606191650032997,3
2540,0.03417988494038582,3
2541,0.028532659634947777,3
2542,0.03328011557459831,3
2543,0.030543386936187744,3
2544,0.020522719249129295,3
2545,0.027541516348719597,3
2546,0.03678112104535103,3
2547,0.024274587631225586,3
2548,0.03152812272310257,3
2549,0.01880684308707714,3
2550,0.029132241383194923,3
2551,0.042300838977098465,3
2552,0.026657970622181892,3
2553,0.04621954634785652,3
2554,0.04144296050071716,3
2555,0.03741900250315666,3
2556,0.035903703421354294,3
2557,0.03809782490134239,3
2558,0.036241088062524796,3
2559,0.03487835451960564,3
2560,0.034087955951690674,3
2561,0.041836708784103394,3
2562,0.024872012436389923,3
2563,0.03796234726905823,3
2564,0.029933253303170204,3
2565,0.043149951845407486,3
2566,0.029312921687960625,3
2567,0.021730126813054085,3
2568,0.03142173960804939,3
2569,0.033476829528808594,3
2570,0.0204505305737257,3
2571,0.027229098603129387,3
2572,0.031097620725631714,3
2573,0.03611484542489052,3
2574,0.03175180032849312,3
2575,0.027414383366703987,3
2576,0.021780306473374367,3
2577,0.037560541182756424,3
2578,0.035980526357889175,3
2579,0.0442582331597805,3
2580,0.04427775368094444,3
2581,0.02515980415046215,3
2582,0.02939659170806408,3
2583,0.036973658949136734,3
2584,0.02547907643020153,3
2585,0.038313720375299454,3
2586,0.024723490700125694,3
2587,0.024492844939231873,3
2588,0.03500014916062355,3
2589,0.0321037620306015,3
2590,0.03505025431513786,3
2591,0.03690849617123604,3
2592,0.031149817630648613,3
2593,0.03497860208153725,3
2594,0.027255767956376076,3
2595,0.04059069976210594,3
2596,0.03319383040070534,3
2597,0.034516140818595886,3
2598,0.03720960393548012,3
2599,0.03835057094693184,3
2600,0.03618425503373146,3
2601,0.01901109516620636,3
2602,0.03225083649158478,3
2603,0.030908724293112755,3
2604,0.03915358707308769,3
2605,0.03389333561062813,3
2606,0.036173902451992035,3
2607,0.030726341530680656,3
2608,0.029775254428386688,3
2609,0.033164989203214645,3
2610,0.02903313748538494,3
2611,0.03026064671576023,3
2612,0.03820217028260231,3
2613,0.02708200179040432,3
2614,0.03751491755247116,3
2615,0.028419358655810356,3
2616,0.028890816494822502,3
2617,0.032165687531232834,3
2618,0.03217550739645958,3
2619,0.02764280140399933,3
2620,0.028910571709275246,3
2621,0.023968728259205818,3
2622,0.027105532586574554,3
2623,0.029894374310970306,3
2624,0.027774855494499207,3
2625,0.03133181855082512,3
2626,0.021536486223340034,3
2627,0.026804402470588684,3
2628,0.028990628197789192,3
2629,0.036151766777038574,3
2630,0.03384461626410484,3
2631,0.03816615417599678,3
2632,0.0471639446914196,3
2633,0.035364340990781784,3
2634,0.029055612161755562,3
2635,0.034995198249816895,3
2636,0.036438021808862686,3
2637,0.036594171077013016,3
2638,0.026662738993763924,3
2639,0.04186337813735008,3
2640,0.04191310703754425,3
2641,0.032221581786870956,3
2642,0.028920672833919525,3
2643,0.04213721677660942,3
2644,0.04480163753032684,3
2645,0.039113711565732956,3
2646,0.03994769603013992,3
2647,0.03891526162624359,3
2648,0.040790800005197525,3
2649,0.026186486706137657,3
2650,0.027679653838276863,3
2651,0.03485533222556114,3
2652,0.048744380474090576,3
2653,0.037013888359069824,3
2654,0.03275711461901665,3
2655,0.041917163878679276,3
2656,0.04228799417614937,3
2657,0.033256273716688156,3
2658,0.03959209844470024,3
2659,0.038926273584365845,3
2660,0.031327370554208755,3
2661,0.03052300214767456,3
2662,0.027333633974194527,3
2663,0.039008162915706635,3
2664,0.033109553158283234,3
2665,0.03455163910984993,3
2666,0.029897436499595642,3
2667,0.030773399397730827,3
2668,0.03082483820617199,3
2669,0.024421751499176025,3
2670,0.03274858370423317,3
2671,0.027866937220096588,3
2672,0.03724362701177597,3
2673,0.03161865845322609,3
2674,0.03615860268473625,3
2675,0.03715026006102562,3
2676,0.027494890615344048,3
2677,0.018963724374771118,3
2678,0.0332840234041214,3
2679,0.03452405333518982,3
2680,0.03511796519160271,3
2681,0.03199814632534981,3
2682,0.03488801792263985,3
2683,0.030309947207570076,3
2684,0.03257416561245918,3
2685,0.04687033221125603,3
2686,0.02739492803812027,3
2687,0.03373066335916519,3
2688,0.027251577004790306,3
2689,0.032454561442136765,3
2690,0.025942200794816017,3
2691,0.03601425886154175,3
2692,0.024942172691226006,3
2693,0.047095995396375656,3
2694,0.035014115273952484,3
2695,0.020581280812621117,3
2696,0.02046740986406803,3
2697,0.029493121430277824,3
2698,0.03378773853182793,3
2699,0.03687884286046028,3
2700,0.04150422289967537,3
2701,0.029934247955679893,3
2702,0.049728069454431534,3
2703,0.02792101539671421,3
2704,0.04282374307513237,3
2705,0.025253387168049812,3
2706,0.037895407527685165,3
2707,0.03798753395676613,3
2708,0.030369149520993233,3
2709,0.045680269598960876,3
2710,0.028635377064347267,3
2711,0.029078446328639984,3
2712,0.03798128291964531,3
2713,0.0263309758156538,3
2714,0.031093135476112366,3
2715,0.040210336446762085,3
2716,0.039099860936403275,3
2717,0.03713079169392586,3
2718,0.05661274865269661,3
2719,0.032088521867990494,3
2720,0.03576795384287834,3
2721,0.034449826925992966,3
2722,0.034895602613687515,3
2723,0.04112875834107399,3
2724,0.03989217430353165,3
2725,0.033944517374038696,3
2726,0.030292876064777374,3
2727,0.04481232538819313,3
2728,0.05087509751319885,3
2729,0.03325336053967476,3
2730,0.04717845842242241,3
2731,0.044497594237327576,3
2732,0.03596334159374237,3
2733,0.034114960581064224,3
2734,0.026391349732875824,3
2735,0.02942645363509655,3
2736,0.02538054995238781,3
2737,0.030998198315501213,3
2738,0.027594344690442085,3
2739,0.02991815097630024,3
2740,0.034704726189374924,3
2741,0.04534612223505974,3
2742,0.03824317082762718,3
2743,0.030756495893001556,3
2744,0.028192756697535515,3
2745,0.03610152378678322,3
2746,0.032051049172878265,3
2747,0.04257078468799591,3
2748,0.04448537901043892,3
2749,0.0337652787566185,3
2750,0.033558592200279236,3
2751,0.025776134803891182,3
2752,0.022111648693680763,3
2753,0.022333597764372826,3
2754,0.03346274793148041,3
2755,0.02869282104074955,3
2756,0.037732068449258804,3
2757,0.023517368361353874,3
2758,0.035404231399297714,3
2759,0.038642894476652145,3
2760,0.03207026794552803,3
2761,0.02988753654062748,3
2762,0.03361635282635689,3
2763,0.030414149165153503,3
2764,0.04039052128791809,3
2765,0.03429581969976425,3
2766,0.03238028660416603,3
2767,0.030912475660443306,3
2768,0.03229967877268791,3
2769,0.01988830603659153,3
2770,0.026023821905255318,3
2771,0.03314420208334923,3
2772,0.028676263988018036,3
2773,0.03048013336956501,3
2774,0.028328081592917442,3
2775,0.029391907155513763,3
2776,0.033711470663547516,3
2777,0.025039056316018105,3
2778,0.03830379992723465,3
2779,0.023555533960461617,3
2780,0.02701602317392826,3
2781,0.030007099732756615,3
2782,0.02275724895298481,3
2783,0.02549222856760025,3
2784,0.027871498838067055,3
2785,0.02795839123427868,3
2786,0.023693861439824104,3
2787,0.023687398061156273,3
2788,0.02871699072420597,3
2789,0.02670176327228546,3
2790,0.03123287856578827,3
2791,0.021223315969109535,3
2792,0.03145937994122505,3
2793,0.028239352628588676,3
2794,0.02730146050453186,3
2795,0.030293764546513557,3
2796,0.029070472344756126,3
2797,0.018928365781903267,3
2798,0.036903273314237595,3
2799,0.0338703915476799,3
2800,0.03161158785223961,3
2801,0.04181954264640808,3
2802,0.037491507828235626,3
2803,0.0343194305896759,3
2804,0.03245680406689644,3
2805,0.033516738563776016,3
2806,0.03779176250100136,3
2807,0.04355268552899361,3
2808,0.04345277324318886,3
2809,0.03959274664521217,3
2810,0.03548644483089447,3
2811,0.04254179075360298,3
2812,0.02649599313735962,3
2813,0.028594322502613068,3
2814,0.030204759910702705,3
2815,0.026354273781180382,3
2816,0.03293953463435173,3
2817,0.023270750418305397,3
2818,0.02852349914610386,3
2819,0.02725938893854618,3
2820,0.024902643635869026,3
2821,0.028501195833086967,3
2822,0.02740689180791378,3
2823,0.028209567070007324,3
2824,0.024166544899344444,3
2825,0.027376463636755943,3
2826,0.0413711853325367,3
2827,0.02785269357264042,3
2828,0.031480573117733,3
2829,0.03870725259184837,3
2830,0.0271705761551857,3
2831,0.03014785796403885,3
2832,0.0278522577136755,3
2833,0.02756725437939167,3
2834,0.02334052138030529,3
2835,0.0279665756970644,3
2836,0.027701012790203094,3
2837,0.026136131957173347,3
2838,0.03292993828654289,3
2839,0.03616255521774292,3
2840,0.0381578765809536,3
2841,0.03640752658247948,3
2842,0.0430864654481411,3
2843,0.03656790778040886,3
2844,0.025920147076249123,3
2845,0.03076554834842682,3
2846,0.026801830157637596,3
2847,0.026394600048661232,3
2848,0.020859716460108757,3
2849,0.027150288224220276,3
2850,0.030326105654239655,3
2851,0.03305358439683914,3
2852,0.030038081109523773,3
2853,0.022915763780474663,3
2854,0.03094044141471386,3
2855,0.03380603715777397,3
2856,0.030338196083903313,3
2857,0.035145241767168045,3
2858,0.028130263090133667,3
2859,0.029006419703364372,3
2860,0.02414223738014698,3
2861,0.024402329698204994,3
2862,0.04209199547767639,3
2863,0.03432951867580414,3
2864,0.02891618199646473,3
2865,0.029290208593010902,3
2866,0.04019694775342941,3
2867,0.02530190907418728,3
2868,0.02379022352397442,3
2869,0.026098789647221565,3
2870,0.028580142185091972,3
2871,0.035630159080028534,3
2872,0.04459783807396889,3
2873,0.02836536429822445,3
2874,0.03131920471787453,3
2875,0.04246005043387413,3
2876,0.02654975652694702,3
2877,0.028051352128386497,3
2878,0.023638898506760597,3
2879,0.02524728886783123,3
2880,0.02598227746784687,3
2881,0.023609695956110954,3
2882,0.031092092394828796,3
2883,0.03789522126317024,3
2884,0.0262939240783453,3
2885,0.02509908936917782,3
2886,0.02235460840165615,3
2887,0.02606458216905594,3
2888,0.03237996622920036,3
2889,0.020817209035158157,3
2890,0.024462079629302025,3
2891,0.026154575869441032,3
2892,0.021058715879917145,3
2893,0.021026911213994026,3
2894,0.03603764995932579,3
2895,0.03162020444869995,3
2896,0.027045374736189842,3
2897,0.02955085225403309,3
2898,0.024737529456615448,3
2899,0.02647395245730877,3
2900,0.018772263079881668,3
2901,0.04679160937666893,3
2902,0.029892517253756523,3
2903,0.030493149533867836,3
2904,0.030212096869945526,3
2905,0.02553361840546131,3
2906,0.03395438566803932,3
2907,0.04352768138051033,3
2908,0.03042157180607319,3
2909,0.030683645978569984,3
2910,0.033869750797748566,3
2911,0.032916758209466934,3
2912,0.030245838686823845,3
2913,0.023930123075842857,3
2914,0.028493523597717285,3
2915,0.031645942479372025,3
2916,0.030573168769478798,3
2917,0.03165673837065697,3
2918,0.02154632657766342,3
2919,0.024433230981230736,3
2920,0.030796298757195473,3
2921,0.032883793115615845,3
2922,0.027290796861052513,3
2923,0.022281929850578308,3
2924,0.026477986946702003,3
2925,0.02732262760400772,3
2926,0.01856444962322712,3
2927,0.021294839680194855,3
2928,0.020522773265838623,3
2929,0.026271134614944458,3
2930,0.024684354662895203,3
2931,0.02842349000275135,3
2932,0.026326984167099,3
2933,0.020543785765767097,3
2934,0.02607244811952114,3
2935,0.02969384752213955,3
2936,0.02872372232377529,3
2937,0.0275566503405571,3
2938,0.02755126543343067,3
2939,0.03504963219165802,3
2940,0.029590027406811714,3
2941,0.027164949104189873,3
2942,0.036151137202978134,3
2943,0.025015264749526978,3
2944,0.0329732708632946,3
2945,0.031739722937345505,3
2946,0.036398470401763916,3
2947,0.03243971988558769,3
2948,0.033295921981334686,3
2949,0.02367853932082653,3
2950,0.025327099487185478,3
2951,0.026080593466758728,3
2952,0.02736400067806244,3
2953,0.03334971144795418,3
2954,0.029302453622221947,3
2955,0.03538529574871063,3
2956,0.02603093534708023,3
2957,0.026065951213240623,3
2958,0.03592507168650627,3
2959,0.040411848574876785,3
2960,0.030218025669455528,3
2961,0.024000069126486778,3
2962,0.02492954395711422,3
2963,0.026622334495186806,3
2964,0.03071616031229496,3
2965,0.03908558562397957,3
2966,0.03410109505057335,3
2967,0.029834216460585594,3
2968,0.022397013381123543,3
2969,0.029604243114590645,3
2970,0.02370172180235386,3
2971,0.03201661631464958,3
2972,0.037527963519096375,3
2973,0.029604988172650337,3
2974,0.03582874312996864,3
2975,0.030586974695324898,3
2976,0.036060627549886703,3
2977,0.03201562166213989,3
2978,0.02912304736673832,3
2979,0.0328592024743557,3
2980,0.04470705986022949,3
2981,0.021891923621296883,3
2982,0.026356616988778114,3
2983,0.025285735726356506,3
2984,0.02385433204472065,3
2985,0.02021649293601513,3
2986,0.03351685777306557,3
2987,0.03412690386176109,3
2988,0.021174689754843712,3
2989,0.022171907126903534,3
2990,0.034397222101688385,3
2991,0.024615660309791565,3
2992,0.03642063960433006,3
2993,0.023987382650375366,3
2994,0.022626249119639397,3
2995,0.0338873527944088,3
2996,0.03312930837273598,3
2997,0.02676607482135296,3
2998,0.03713983669877052,3
2999,0.024884402751922607,3
3000,0.021527817472815514,3
