arm,seed,collapsed_eval,per_dim_std,vicreg_per_dim_std,vicreg_mean_abs_corr,centroid_mse_mean,centroid_r_mean,delta_r2_color,r2_dyn_color,r2_coord_color,r2_dyn_pos,r2_coord_pos,r2_dyn_identity,r2_coord_identity,delta_r2_identity,dim_to_obj,final_train_loss,final_sim_loss,final_var_loss,final_cov_loss,final_contrastive_loss,final_sfa_loss,final_sfa_weight,param_count,collapsed_train,per_dim_std_train,collapsed,disqualified
"D1 (Contrastive, batch-level)",31,False,"[0.9907712936401367, 1.0553550720214844, 1.3633646965026855]","[0.9907712936401367, 1.0553550720214844, 1.3633646965026855]",0.24189773815164725,205.9553191673389,0.5169337311394995,-0.2912604247788004,-0.3711912317230548,-0.07993080694425442,-0.12316296897150884,-0.06570073346990091,0.009949149269168308,0.05240110561068382,-0.04245195634151551,"{0: 0, 1: 1, 2: 2}",10.181633949279785,8.404109001159668,0.026212334632873535,0.18049201369285583,0.9929042458534241,0.07295507937669754,0.0,135608,False,"[1.164911150932312, 1.2472633123397827, 1.1964199542999268]",False,False
"D1 (Contrastive, batch-level)",7,False,"[1.1248865127563477, 1.103515863418579, 1.2205958366394043]","[1.1248865127563477, 1.103515863418579, 1.2205958366394043]",0.3700584499733717,70.36262565959477,0.17342677297268863,-0.05272274930411733,-0.3005080103220552,-0.24778526101793788,-0.08929933006904671,-0.2724903573946312,0.05253032348292941,0.03126053456686181,0.0212697889160676,"{0: 1, 1: 2, 2: 0}",8.205242156982422,4.825486660003662,0.04779193922877312,0.06286689639091492,1.0637314319610596,0.07101809233427048,0.0,135608,False,"[1.2144718170166016, 0.8702716827392578, 1.2159976959228516]",False,False
"D1 (Contrastive, batch-level)",53,False,"[0.8759780526161194, 0.8004746437072754, 1.2054208517074585]","[0.8759780526161194, 0.8004746437072754, 1.2054208517074585]",0.199071900504216,149.982792786631,0.42436613794194855,0.06386765317080473,-0.04738253741836551,-0.11125019058917024,0.17232739888257487,-0.11808207370600288,0.07711950447699294,0.0548279072288557,0.022291597248137236,"{0: 1, 1: 0, 2: 2}",12.592472076416016,23.620603561401367,0.07354112714529037,0.17531375586986542,1.237730622291565,0.10749298334121704,0.0,135608,False,"[1.1613849401474, 0.8502148985862732, 1.0712562799453735]",False,False
"D1 (Contrastive, batch-level)",17,False,"[0.8948318362236023, 0.9728856682777405, 1.0528496503829956]","[0.8948318362236023, 0.9728856682777405, 1.0528496503829956]",0.041617513817645675,89.86565764599776,0.27475940053340014,-0.039305034924816275,-0.10051814092108056,-0.06121310599626429,-0.07174063317625852,-0.25756797530317604,0.05009375993622781,0.03346091818476904,0.016632841751458773,"{0: 1, 1: 2, 2: 0}",10.941571235656738,11.204543113708496,0.0,0.23746715486049652,0.9815967679023743,0.05100277066230774,0.0,135608,False,"[1.2815296649932861, 1.1523531675338745, 1.140977144241333]",False,False
"D1 (Contrastive, batch-level)",71,False,"[0.9921647310256958, 1.41298246383667, 1.0400313138961792]","[0.9921647310256958, 1.41298246383667, 1.0400313138961792]",0.17921952345367173,64.3342585281191,0.21512781067150444,-0.16766524192069998,-0.14041130322609796,0.027253938694602034,-0.03276202656570911,0.057708581822815276,0.050722667370956355,0.10734241733084797,-0.056619749959891615,"{0: 2, 1: 0, 2: 1}",8.753971099853516,8.126580238342285,0.011282105930149555,0.10800907760858536,1.0968196392059326,0.06549820303916931,0.0,135608,False,"[1.1321816444396973, 1.2151118516921997, 0.9815605282783508]",False,False
"D1 (Contrastive, batch-level)",83,False,"[1.249776005744934, 1.0180574655532837, 1.0875149965286255]","[1.249776005744934, 1.0180574655532837, 1.0875149965286255]",0.10547858506733938,103.15074219218126,0.4729522145115201,-0.2381876610515008,-0.19920981219193082,0.038977848859569994,0.0014922354514150065,0.14417051031648856,0.03589558476652621,0.08976910735790504,-0.05387352259137883,"{0: 2, 1: 1, 2: 0}",9.158202171325684,2.365103006362915,0.08199223130941391,0.036307066679000854,1.229038119316101,0.08885100483894348,0.0,135608,False,"[1.222132921218872, 0.9922325611114502, 0.9732384085655212]",False,False
"D1 (Contrastive, batch-level)",97,False,"[1.0045660734176636, 0.9246342778205872, 1.0358383655548096]","[1.0045660734176636, 0.9246342778205872, 1.0358383655548096]",0.07340806666364927,264.8801620083509,0.2611322973114167,0.7404095760796131,-0.0049518792003522645,-0.7453614552799653,-0.37310295145666333,0.05911861743195057,0.047915403095334375,0.030368583638430757,0.017546819456903617,"{0: 1, 1: 0, 2: 2}",9.526121139526367,16.290287017822266,0.08115480095148087,0.07685918360948563,1.0926176309585571,0.0654401108622551,0.0,135608,False,"[1.356594204902649, 0.9990515112876892, 0.9955475926399231]",False,False
"D1 (Contrastive, batch-level)",113,False,"[1.3373368978500366, 1.187853455543518, 1.250861406326294]","[1.3373368978500366, 1.187853455543518, 1.250861406326294]",0.09686248532490986,96.29051339298478,0.26074705459598885,-0.0022004096980273377,-0.05249770408423637,-0.05029729438620903,0.007587244293836393,0.0734189823010919,0.061604438093507796,0.03247453783309884,0.02912990026040896,"{0: 1, 1: 2, 2: 0}",7.7486395835876465,1.7866318225860596,0.05455338954925537,0.04759058728814125,1.0312690734863281,0.04503171518445015,0.0,135608,False,"[1.1829195022583008, 1.0637565851211548, 1.1984845399856567]",False,False
"D1 (Contrastive, batch-level)",127,False,"[0.8961237072944641, 0.8867445588111877, 0.8881796002388]","[0.8961237072944641, 0.8867445588111877, 0.8881796002388]",0.16469486509328743,307.3436220610929,0.39064110326529583,-0.24891779857664173,-0.2398758684643266,0.009041930112315131,-0.14121462530410503,-0.10153349010509682,0.05846622854321463,0.03352902781098921,0.02493720073222542,"{0: 1, 1: 0, 2: 2}",19.505334854125977,1.423407793045044,0.015077252872288227,0.5312902927398682,1.1614773273468018,0.06663261353969574,0.0,135608,False,"[0.9699922204017639, 1.0921727418899536, 1.0182048082351685]",False,False
"D1 (Contrastive, batch-level)",149,False,"[0.8286027908325195, 1.16873300075531, 1.194006323814392]","[0.8286027908325195, 1.16873300075531, 1.194006323814392]",0.21688519083048577,258.0065449760379,0.2568842434614635,0.4237369144909042,0.0020775334509586366,-0.4216593810399456,0.05903962759560588,-0.4407748420611135,0.04003627867981877,0.09051450341970464,-0.05047822473988587,"{0: 2, 1: 1, 2: 0}",8.606673240661621,3.0254065990448,0.06958615779876709,0.01702228933572769,1.2704553604125977,0.05350658297538757,0.0,135608,False,"[0.8404836058616638, 0.9793054461479187, 1.1507339477539062]",False,False
"D1 (Contrastive, batch-level)",101,False,"[1.0514860153198242, 1.09197199344635, 1.1298279762268066]","[1.0514860153198242, 1.09197199344635, 1.1298279762268066]",0.16438949038399978,246.3511391983477,0.28260872184292274,0.10638704874812908,5.225272036079072e-05,-0.1063347960277683,-0.018822906465828737,0.14308826689342655,0.024940919100187846,0.05717998615309442,-0.03223906705290658,"{0: 1, 1: 0, 2: 2}",6.276761054992676,1.8707644939422607,0.009019811637699604,0.025331107899546623,1.0731842517852783,0.06088808551430702,0.0,135608,False,"[1.152481198310852, 1.1271260976791382, 1.0178250074386597]",False,False
"D1 (Contrastive, batch-level)",103,False,"[0.7059956192970276, 0.7494159936904907, 0.9242432713508606]","[0.7059956192970276, 0.7494159936904907, 0.9242432713508606]",0.19859898282570956,186.48761349203596,0.31162294093256704,-0.06018659180322869,-0.2049946497845547,-0.144808057981326,0.2955569206534853,-0.3059751839804539,0.049128663522352754,0.04816961466741154,0.0009590488549412121,"{0: 0, 1: 1, 2: 2}",9.786231994628906,53.27713394165039,0.04210519790649414,0.12625153362751007,1.0743340253829956,0.043403174728155136,0.0,135608,False,"[0.8876060843467712, 1.1450283527374268, 1.0820661783218384]",False,False
"D1 (Contrastive, batch-level)",109,False,"[0.8706488013267517, 0.8211585283279419, 0.6804749369621277]","[0.8706488013267517, 0.8211585283279419, 0.6804749369621277]",0.23796144118651832,62.66578709055497,0.4940667757055692,0.44716346518865546,-0.10440762578559482,-0.5515710909742503,-0.03564019986237984,-0.017512122013900695,0.09235859378140199,0.1423678261160682,-0.050009232334666226,"{0: 1, 1: 0, 2: 2}",14.265556335449219,5.330373764038086,0.13308927416801453,0.17680884897708893,1.2912378311157227,0.04023938998579979,0.0,135608,False,"[1.231998085975647, 0.9423772096633911, 0.8819482326507568]",False,False
"D1 (Contrastive, batch-level)",107,False,"[0.5449292659759521, 0.6865841150283813, 1.194309949874878]","[0.5449292659759521, 0.6865841150283813, 1.194309949874878]",0.17569792334158044,134.22984314445833,0.3462023296947754,0.2838771877822706,-0.0991796946230137,-0.3830568824052843,-0.10467412929567717,-0.002823736493057042,0.10951545642322258,0.04351266174828613,0.06600279467493644,"{0: 1, 1: 2, 2: 0}",7.1075897216796875,64.48352813720703,0.0,0.058090418577194214,1.0605037212371826,0.032908227294683456,0.0,135608,False,"[1.1115206480026245, 1.0376580953598022, 1.2704944610595703]",False,False
"D1 (Contrastive, batch-level)",131,False,"[1.0557398796081543, 1.0641374588012695, 0.786962628364563]","[1.0557398796081543, 1.0641374588012695, 0.786962628364563]",0.15954674979298192,68.85985556142298,0.2694488116111659,0.12251498251143726,-0.006669031168968072,-0.12918401368040533,-0.10488861618676555,-0.005336536348054051,0.01728360006327249,0.12384210482728941,-0.10655850476401692,"{0: 2, 1: 0, 2: 1}",7.722771644592285,9.8568754196167,0.0,0.09277838468551636,1.0552946329116821,0.08901366591453552,0.0,135608,False,"[1.2279762029647827, 1.0984381437301636, 1.056118369102478]",False,False
"D1 (Contrastive, batch-level)",137,False,"[1.1646864414215088, 1.5438932180404663, 1.1303720474243164]","[1.1646864414215088, 1.5438932180404663, 1.1303720474243164]",0.19812208610572477,137.7052837088321,0.1571980139323846,1.1320252753140878,0.029904976644592917,-1.102120298669495,-0.03525703845457114,0.0825035119300344,0.04112613486373377,0.03963454119517081,0.0014915936685629544,"{0: 0, 1: 2, 2: 1}",7.923399925231934,3.046201705932617,0.01571776531636715,0.0694686621427536,1.1205625534057617,0.0981595516204834,0.0,135608,False,"[0.968039870262146, 1.125325083732605, 1.3805110454559326]",False,False
"D1 (Contrastive, batch-level)",139,False,"[0.8728270530700684, 1.4753464460372925, 0.6812506318092346]","[0.8728270530700684, 1.4753464460372925, 0.6812506318092346]",0.2647880265087624,257.2141430015632,0.3739351279372604,0.08409809871349117,-0.06295816181342986,-0.14705626052692103,-0.107909609391594,0.11887460729316268,0.030317017623114857,0.03865556651960252,-0.008338548896487667,"{0: 0, 1: 1, 2: 2}",10.448997497558594,80.8228988647461,0.06522466987371445,0.08973993360996246,1.2868189811706543,0.08430517464876175,0.0,135608,False,"[0.9651772975921631, 1.3407996892929077, 0.8898740410804749]",False,False
"D1 (Contrastive, batch-level)",151,False,"[1.3394185304641724, 0.7185412645339966, 0.9288673400878906]","[1.3394185304641724, 0.7185412645339966, 0.9288673400878906]",0.19796595986629176,111.31322560880197,0.45316548873286794,0.07311823944369812,-0.04380652015938491,-0.11692475960308303,0.30611743204340086,-0.4797515732844034,0.10097305766665603,0.054499462802838426,0.0464735948638176,"{0: 1, 1: 0, 2: 2}",10.988983154296875,314.0861511230469,0.14345107972621918,0.05852131173014641,1.015873908996582,0.03303391486406326,0.0,135608,False,"[1.1329357624053955, 1.2842251062393188, 0.8676707148551941]",False,False
"D1 (Contrastive, batch-level)",157,False,"[1.1469287872314453, 1.0116139650344849, 0.8866710066795349]","[1.1469287872314453, 1.0116139650344849, 0.8866710066795349]",0.11891485175567174,115.03602028278083,0.15142468008568466,-0.055965216099970294,-0.238914598665967,-0.18294938256599672,0.010134886023159114,-0.07720481472817997,0.044114819930732775,0.091336527623517,-0.04722170769278423,"{0: 2, 1: 0, 2: 1}",13.420463562011719,10.03101921081543,0.09141792356967926,0.24619536101818085,0.9899621605873108,0.05721927806735039,0.0,135608,False,"[1.1371577978134155, 1.069339394569397, 0.9981995224952698]",False,False
"D1 (Contrastive, batch-level)",163,False,"[1.1452207565307617, 0.9609615802764893, 1.141472339630127]","[1.1452207565307617, 0.9609615802764893, 1.141472339630127]",0.05871840304891091,321.18479920297153,0.225080007129855,0.10844940527743652,-0.040727537298945286,-0.1491769425763818,-0.18973461268792205,-0.17188245152572987,0.026148950244576714,0.054824703296044164,-0.02867575305146745,"{0: 0, 1: 2, 2: 1}",16.17217254638672,2.2856905460357666,0.016718029975891113,0.3985588252544403,1.1177160739898682,0.06578285247087479,0.0,135608,False,"[0.9788203239440918, 1.1259690523147583, 1.0021207332611084]",False,False
"D1 (Contrastive, batch-level)",173,False,"[0.8848708868026733, 1.2671008110046387, 0.85594242811203]","[0.8848708868026733, 1.2671008110046387, 0.85594242811203]",0.4432168546688771,99.85630384050513,0.4827298725762648,0.2533602898663104,0.007662759733898875,-0.2456975301324115,0.37688660883907826,-0.6635440732891552,0.09965392779142412,0.14689480986231396,-0.047240882070889834,"{0: 0, 1: 1, 2: 2}",7.356331825256348,12.900779724121094,0.020495494827628136,0.05995070934295654,1.0461162328720093,0.033886607736349106,0.0,135608,False,"[1.3502918481826782, 1.0898354053497314, 1.0931861400604248]",False,False
"D1 (Contrastive, batch-level)",179,False,"[0.7549577355384827, 0.8287438154220581, 0.7219664454460144]","[0.7549577355384827, 0.8287438154220581, 0.7219664454460144]",0.2749890148051756,148.4878164048163,0.5302677736029956,-0.26594039428099464,-0.3199430759010922,-0.05400268162009758,-0.167917450808828,-0.29291380743503476,0.03652799633209525,0.20731413756614306,-0.1707861412340478,"{0: 1, 1: 2, 2: 0}",11.463892936706543,9.644145011901855,0.058135610073804855,0.19374887645244598,1.0232845544815063,0.025531871244311333,0.0,135608,False,"[1.1148408651351929, 0.9759582877159119, 1.3722368478775024]",False,False
"D1 (Contrastive, batch-level)",181,False,"[1.270783543586731, 1.2363197803497314, 1.251542091369629]","[1.270783543586731, 1.2363197803497314, 1.251542091369629]",0.23351900416024343,81.6480178984026,0.57290847608231,0.32838290472631226,-0.1235960333507158,-0.45197893807702805,0.08853577966372113,0.20047333940125142,0.039257607160689524,0.18550166173188706,-0.14624405457119755,"{0: 0, 1: 2, 2: 1}",7.145809173583984,32.80508041381836,0.018254876136779785,0.04825308918952942,1.0864582061767578,0.07084298878908157,0.0,135608,False,"[1.0458039045333862, 1.198043942451477, 1.0372188091278076]",False,False
"D1 (Contrastive, batch-level)",191,False,"[1.4861645698547363, 1.1616870164871216, 1.3040845394134521]","[1.4861645698547363, 1.1616870164871216, 1.3040845394134521]",0.1606147234019125,106.33943438975768,0.4131226431501534,0.10729525367064552,-0.023132925831226333,-0.13042817950187185,0.042843220641288315,-0.17549919293741315,0.08610515487411012,0.04267090640837442,0.0434342484657357,"{0: 1, 1: 0, 2: 2}",9.785911560058594,4.744872570037842,0.014526705257594585,0.1269283890724182,1.2402580976486206,0.08022340387105942,0.0,135608,False,"[1.1370642185211182, 1.2061004638671875, 0.9716705083847046]",False,False
"D1 (Contrastive, batch-level)",193,False,"[0.7576723694801331, 0.9340150952339172, 0.9330748319625854]","[0.7576723694801331, 0.9340150952339172, 0.9330748319625854]",0.033428666858605356,230.98961351282216,0.2304111719372133,0.018993782945845472,-0.19570525379413448,-0.21469903673997995,0.012349007035677354,0.11637736348763399,0.05731892092649312,0.04815219292444047,0.009166728002052649,"{0: 2, 1: 0, 2: 1}",10.197237014770508,7.0180487632751465,0.04948323965072632,0.1262643188238144,1.1425647735595703,0.06901951879262924,0.0,135608,False,"[0.8651162981987, 1.4123425483703613, 1.2249232530593872]",False,False
"D1 (Contrastive, batch-level)",197,False,"[1.066103219985962, 1.1636282205581665, 1.4485435485839844]","[1.066103219985962, 1.1636282205581665, 1.4485435485839844]",0.1743530000548231,110.02741541907226,0.28333136258824626,0.4120795076417775,-0.16941147456473518,-0.5814909822065126,0.006408320627324475,-0.028563233064206345,0.04677682305634997,0.03363807948178562,0.013138743574564349,"{0: 2, 1: 1, 2: 0}",7.242184638977051,1.8769320249557495,5.120038986206055e-05,0.09324833005666733,0.9737920165061951,0.04128130525350571,0.0,135608,False,"[1.0157941579818726, 1.1783406734466553, 1.2363523244857788]",False,False
"D1 (Contrastive, batch-level)",199,False,"[1.028879165649414, 0.867082417011261, 1.430205225944519]","[1.028879165649414, 0.867082417011261, 1.430205225944519]",0.15126303306203984,153.33752103620475,0.27953002951318,0.1274343447150599,0.024031101933795287,-0.10340324278126463,-0.13479875490987606,0.18206232671233757,0.07917954401014393,0.09123720874674819,-0.01205766473660426,"{0: 1, 1: 2, 2: 0}",6.965057373046875,139.09800720214844,0.017839908599853516,0.06847842037677765,0.9437432885169983,0.04773179069161415,0.0,135608,False,"[1.0088801383972168, 1.1747779846191406, 1.0470222234725952]",False,False
"D1 (Contrastive, batch-level)",211,False,"[1.193772792816162, 1.2397114038467407, 0.9816527962684631]","[1.193772792816162, 1.2397114038467407, 0.9816527962684631]",0.13380649135816722,242.89283830644513,0.5526108706513114,0.14362464822618376,-0.052385530104110546,-0.1960101783302943,-0.3096373101427377,-0.21666596376691039,0.038506432564125226,0.0949234618963617,-0.05641702933223647,"{0: 1, 1: 0, 2: 2}",10.216964721679688,74.10578155517578,0.038003187626600266,0.12279617041349411,1.209879994392395,0.07905410975217819,0.0,135608,False,"[1.0708990097045898, 1.01702880859375, 1.0290396213531494]",False,False
"D2 (SFA, variance-ramped)",7,False,"[1.1930898427963257, 1.1483074426651, 1.1387158632278442]","[1.1930898427963257, 1.1483074426651, 1.1387158632278442]",0.4075626007997206,71.80269300198513,0.06605338787237797,0.995463876757506,-0.5415367559387841,-1.5370006326962902,-0.0983391318500602,-0.009094905213985927,0.05965421942331869,0.025554173133694347,0.03410004628962434,"{0: 1, 1: 2, 2: 0}",2.5114593505859375,85.54933166503906,0.032331109046936035,0.046149302273988724,0.0,0.07728981971740723,5.0,135608,False,"[1.2110387086868286, 1.1155791282653809, 0.9173994064331055]",False,False
"D2 (SFA, variance-ramped)",17,False,"[0.9828220009803772, 1.1575417518615723, 0.957004964351654]","[0.9828220009803772, 1.1575417518615723, 0.957004964351654]",0.030407320850235852,90.28585660568562,0.2763688054680606,-0.0766589524436862,-0.12892436328655274,-0.05226541084286654,-0.053169968118203736,-0.214715678389199,0.019398759949943927,0.033403166191516474,-0.014004406241572547,"{0: 1, 1: 2, 2: 0}",2.9279470443725586,9.58631706237793,0.032371342182159424,0.05292097106575966,0.0,0.14336983859539032,5.0,135608,False,"[1.1141161918640137, 1.0388290882110596, 0.9172767400741577]",False,False
"D1 (Contrastive, batch-level)",223,False,"[0.9350743293762207, 1.0103362798690796, 0.9092611074447632]","[0.9350743293762207, 1.0103362798690796, 0.9092611074447632]",0.32516666379727094,203.58372709366313,0.453094996104282,-0.022384059841908728,-0.06458679360671848,-0.042202733764809756,0.08251252679341807,-0.21703745725092372,0.05527176882248782,0.19450874569135226,-0.13923697686886444,"{0: 2, 1: 1, 2: 0}",7.3481597900390625,18.208026885986328,0.01779894158244133,0.04693262279033661,1.1364599466323853,0.07254841178655624,0.0,135608,False,"[1.218492031097412, 0.9901712536811829, 1.0827327966690063]",False,False
"D1 (Contrastive, batch-level)",227,False,"[1.3831427097320557, 1.1102619171142578, 1.3428254127502441]","[1.3831427097320557, 1.1102619171142578, 1.3428254127502441]",0.09529965778503635,160.04436280403343,0.4669788704281291,-0.08502564504510111,-0.01759307191713196,0.06743257312796916,-0.07003697926129138,0.0780374289740093,0.061533550823632245,0.09183653448942075,-0.030302983665788506,"{0: 2, 1: 1, 2: 0}",7.841007232666016,58.340728759765625,0.07484346628189087,0.036835044622421265,0.9743962287902832,0.02271006442606449,0.0,135608,False,"[1.1861447095870972, 0.7878124117851257, 1.3976742029190063]",False,False
"D2 (SFA, variance-ramped)",31,False,"[1.1805500984191895, 1.0844662189483643, 0.9464014172554016]","[1.1805500984191895, 1.0844662189483643, 0.9464014172554016]",0.1979797608184565,209.72683492937335,0.5187820319466795,-0.06334727133835215,-0.09597996092483607,-0.03263268958648392,-0.039451054211969115,0.009907578806439702,0.01109541968914111,0.02499040952292612,-0.013894989833785011,"{0: 0, 1: 2, 2: 1}",3.6009068489074707,1.8640685081481934,0.028475642204284668,0.08248991519212723,0.0,0.15477517247200012,5.0,135608,False,"[1.134307622909546, 1.1622400283813477, 1.1546872854232788]",False,False
"D2 (SFA, variance-ramped)",53,False,"[0.9768287539482117, 1.2222081422805786, 0.9918580651283264]","[0.9768287539482117, 1.2222081422805786, 0.9918580651283264]",0.1054238778777008,138.7777727889058,0.45542330701400663,0.030576775008681292,-0.07843850811541563,-0.10901528312409692,0.04563919610419561,-0.04895243181764256,0.024615817185989746,0.0929020476929406,-0.06828623050695085,"{0: 1, 1: 0, 2: 2}",3.497465133666992,25.91658592224121,0.05037117004394531,0.032757364213466644,0.0,0.248920276761055,5.0,135608,False,"[0.9757304191589355, 0.9775485396385193, 1.1125718355178833]",False,False
"D2 (SFA, variance-ramped)",83,False,"[1.1505497694015503, 1.132127285003662, 1.1621673107147217]","[1.1505497694015503, 1.132127285003662, 1.1621673107147217]",0.17542149554693331,198.48139538762211,0.24878754323034324,-0.03156859036051059,-0.01874791811746464,0.01282067224304595,-0.07805793258733884,0.014534040111060223,0.04280218356718435,0.04399249034979776,-0.0011903067826134137,"{0: 0, 1: 2, 2: 1}",4.965330123901367,26.135284423828125,0.0,0.16240806877613068,0.0,0.15852950513362885,5.0,135608,False,"[1.2272900342941284, 1.1179499626159668, 1.0496584177017212]",False,False
"D2 (SFA, variance-ramped)",71,False,"[1.2802647352218628, 1.2101740837097168, 1.2162635326385498]","[1.2802647352218628, 1.2101740837097168, 1.2162635326385498]",0.04228480474014471,67.46319746762755,0.2019000995063777,-0.0679940739944597,-0.02162080512409106,0.046373268870368634,-0.008085091185042748,-0.019779290698398122,0.02000196984696112,0.07173373261477008,-0.051731762767808956,"{0: 2, 1: 1, 2: 0}",1.7625656127929688,13.533637046813965,0.006717661861330271,0.024095507338643074,0.0,0.15010251104831696,5.0,135608,False,"[1.010261058807373, 1.2240149974822998, 1.0011628866195679]",False,False
"D2 (SFA, variance-ramped)",97,False,"[0.8256986141204834, 0.9169525504112244, 0.8007168769836426]","[0.8256986141204834, 0.9169525504112244, 0.8007168769836426]",0.08189781710014107,264.2685133395457,0.27803316885695734,0.6124846171316453,-0.016221687427230454,-0.6287063045588757,-0.003608271728112844,-0.06976037416165304,0.05345531457504323,0.03816076567335277,0.015294548901690463,"{0: 1, 1: 0, 2: 2}",3.1095571517944336,10.885261535644531,0.0731084942817688,0.025491684675216675,0.0,0.10724548250436783,5.0,135608,False,"[0.9867904782295227, 1.2286566495895386, 1.0846949815750122]",False,False
"D2 (SFA, variance-ramped)",113,False,"[1.2524468898773193, 1.0281621217727661, 1.1970287561416626]","[1.2524468898773193, 1.0281621217727661, 1.1970287561416626]",0.07264939870370059,97.37265600108191,0.2540347098455968,0.040373029871343946,0.002715311492142078,-0.03765771837920187,-0.0029321370340096666,0.03462173442401806,0.04801916573407753,0.07023030477924148,-0.022211139045163954,"{0: 2, 1: 1, 2: 0}",3.3891239166259766,4.560366153717041,0.04025530815124512,0.06886637210845947,0.0,0.12400024384260178,5.0,135608,False,"[1.1090377569198608, 1.2550076246261597, 1.062059760093689]",False,False
"D2 (SFA, variance-ramped)",127,False,"[1.340200424194336, 1.4229778051376343, 1.328879952430725]","[1.340200424194336, 1.4229778051376343, 1.328879952430725]",0.1285895713203836,332.56369237520005,0.3367034919877094,-0.09509118116200163,-0.08990384117753807,0.005187339984463561,-0.11502734064018767,-0.017021383309388294,0.07310427076324733,0.03421827985139636,0.038885990911850965,"{0: 0, 1: 1, 2: 2}",16.080379486083984,58.35924530029297,0.048707205802202225,0.5739665031433105,0.0,0.09485137462615967,5.0,135608,False,"[1.0667117834091187, 0.8674817681312561, 1.0468013286590576]",False,False
"D2 (SFA, variance-ramped)",149,False,"[1.4938410520553589, 1.133113145828247, 1.0917394161224365]","[1.4938410520553589, 1.133113145828247, 1.0917394161224365]",0.13947515862268875,270.0952385425855,0.20828477076951377,0.2853510723765355,-0.04844516669218729,-0.3337962390687228,-0.052471438483970546,-0.3260840656294619,0.050469979149209476,0.08210887848889144,-0.03163889933968196,"{0: 2, 1: 1, 2: 0}",3.003711700439453,9.047903060913086,0.03815041109919548,0.042177844792604446,0.0,0.17825554311275482,5.0,135608,False,"[1.1603807210922241, 1.0595588684082031, 0.8996610641479492]",False,False
"D2 (SFA, variance-ramped)",101,False,"[0.8020132184028625, 1.1250004768371582, 1.0635844469070435]","[0.8020132184028625, 1.1250004768371582, 1.0635844469070435]",0.08703309304507086,244.11440982894032,0.2939181218076983,0.11782326069396001,0.012538384454117849,-0.10528487623984216,-0.023268012084629214,0.1480256305510467,0.02589482625477435,0.06032849271210705,-0.0344336664573327,"{0: 1, 1: 0, 2: 2}",3.00014591217041,4.807709693908691,0.021343031898140907,0.06266780942678452,0.0,0.15811331570148468,5.0,135608,False,"[0.9508931040763855, 1.3406797647476196, 1.142209768295288]",False,False
"D2 (SFA, variance-ramped)",103,False,"[1.221763253211975, 0.9142033457756042, 1.395977258682251]","[1.221763253211975, 0.9142033457756042, 1.395977258682251]",0.20287580330366403,187.82724733753136,0.30075759896814647,0.07283400943577303,-0.00149370952055641,-0.07432771895632945,-0.014327643299282858,-0.05707432721352083,0.01591294849772688,0.08943721736374459,-0.0735242688660177,"{0: 1, 1: 0, 2: 2}",4.340293884277344,39.94562530517578,0.03971010446548462,0.09349466115236282,0.0,0.16397185623645782,5.0,135608,False,"[1.155929684638977, 1.2402528524398804, 0.8949068188667297]",False,False
"D2 (SFA, variance-ramped)",107,False,"[1.5868340730667114, 1.2048015594482422, 1.1916303634643555]","[1.5868340730667114, 1.2048015594482422, 1.1916303634643555]",0.3577428413602682,130.6308930264931,0.37288487236118883,0.26891953415301867,-0.07420797876597905,-0.34312751291899773,-0.04499839908874955,-0.06765987157677145,0.053325889972756925,0.05118491541130329,0.0021409745614536374,"{0: 1, 1: 2, 2: 0}",4.190582275390625,292.19451904296875,0.019728442654013634,0.12079890817403793,0.0,0.09896225482225418,5.0,135608,False,"[1.3185027837753296, 1.052154302597046, 1.1508013010025024]",False,False
"D2 (SFA, variance-ramped)",109,False,"[1.0430612564086914, 0.9700754284858704, 0.8759359121322632]","[1.0430612564086914, 0.9700754284858704, 0.8759359121322632]",0.10318373605311988,68.00485132168126,0.4799274920346009,0.11827812314618419,-0.021963796137047267,-0.14024191928323146,0.019506049661300835,0.031296115124686885,0.06135401370300538,0.08262560567044697,-0.021271591967441585,"{0: 1, 1: 2, 2: 0}",6.675254821777344,33.27494812011719,0.10140764713287354,0.14390821754932404,0.0,0.0992513969540596,5.0,135608,False,"[0.903400182723999, 1.2228394746780396, 1.0670827627182007]",False,False
"D2 (SFA, variance-ramped)",131,False,"[0.973384439945221, 1.0209120512008667, 1.1809195280075073]","[0.973384439945221, 1.0209120512008667, 1.1809195280075073]",0.08902192954470178,62.4520038640893,0.2980817194862026,0.09921687297124931,-0.05223740484903553,-0.15145427782028484,-0.03416690787772636,-0.033719284613508406,0.023552765619062017,0.12233157411401448,-0.09877880849495246,"{0: 2, 1: 0, 2: 1}",3.030996322631836,11.335896492004395,0.0,0.06259728968143463,0.0,0.26588770747184753,5.0,135608,False,"[1.247536301612854, 1.1244874000549316, 1.214116096496582]",False,False
"D2 (SFA, variance-ramped)",137,False,"[1.257907509803772, 1.1928695440292358, 1.4733874797821045]","[1.257907509803772, 1.1928695440292358, 1.4733874797821045]",0.10398158029391956,136.56716885558845,0.1878748908423907,1.4049182481690055,-0.03126528248217489,-1.4361835306511803,0.0007220656608990517,0.16767335447544648,0.029969462195412078,0.02896441063380865,0.0010050515616034268,"{0: 0, 1: 2, 2: 1}",3.394362211227417,4.139588832855225,0.0,0.09449714422225952,0.0,0.1745547205209732,5.0,135608,False,"[1.0788668394088745, 1.0193241834640503, 1.1723511219024658]",False,False
"D2 (SFA, variance-ramped)",139,False,"[1.1521363258361816, 0.9753198623657227, 0.9134554266929626]","[1.1521363258361816, 0.9753198623657227, 0.9134554266929626]",0.04936970033050899,261.329274685002,0.3289348719516045,0.1616516299660063,-0.019003045823002985,-0.1806546757890093,-0.013440649580919914,0.13798009147564647,0.031132917392259724,0.032301860092717884,-0.0011689427004581594,"{0: 0, 1: 1, 2: 2}",7.7892303466796875,79.50865936279297,0.044693153351545334,0.19937515258789062,0.0,0.3141128718852997,5.0,135608,False,"[0.9558050036430359, 1.1684577465057373, 1.0340079069137573]",False,False
"D2 (SFA, variance-ramped)",151,False,"[0.9982792735099792, 1.2014628648757935, 1.0924922227859497]","[0.9982792735099792, 1.2014628648757935, 1.0924922227859497]",0.09828309082595083,133.04777633403248,0.33473901874222906,0.18354658510498734,-0.044588292872583445,-0.2281348779775708,-0.10769998612283449,0.15022565187820772,0.04826241914856977,0.05950743129561942,-0.011245012147049649,"{0: 1, 1: 0, 2: 2}",5.825469970703125,387.8999938964844,0.0,0.18553493916988373,0.0,0.1896379441022873,5.0,135608,False,"[1.1530901193618774, 1.0896220207214355, 1.270094394683838]",False,False
"D2 (SFA, variance-ramped)",157,False,"[0.9771811962127686, 1.1634740829467773, 1.1966482400894165]","[0.9771811962127686, 1.1634740829467773, 1.1966482400894165]",0.08422252917138158,117.11253641316539,0.09470257734659825,0.07382047668286058,-0.08496989478441182,-0.1587903714672724,-0.06930123970458069,-0.05248440049960753,0.07656279881342971,0.08825175505780403,-0.011688956244374313,"{0: 2, 1: 0, 2: 1}",12.521415710449219,73.32101440429688,0.08142869174480438,0.4062725305557251,0.0,0.05605550482869148,5.0,135608,False,"[1.059143304824829, 1.0531381368637085, 0.9781261086463928]",False,False
"D2 (SFA, variance-ramped)",163,False,"[1.1798678636550903, 1.1466357707977295, 1.26081383228302]","[1.1798678636550903, 1.1466357707977295, 1.26081383228302]",0.1497293337553423,294.89963307401433,0.3466360311097841,0.08419686116831852,-0.06279377602413798,-0.1469906371924565,-0.20568172834018614,-0.208700507870064,0.04305304644148766,0.05096196614757905,-0.007908919706091387,"{0: 0, 1: 2, 2: 1}",7.167638778686523,24.68828773498535,0.0006524522905237973,0.26191243529319763,0.0,0.08818704634904861,5.0,135608,False,"[1.2386765480041504, 1.0139614343643188, 1.0279608964920044]",False,False
"D2 (SFA, variance-ramped)",173,False,"[0.9557724595069885, 1.239600658416748, 1.3231031894683838]","[0.9557724595069885, 1.239600658416748, 1.3231031894683838]",0.26407379164996597,99.19831440443691,0.48653360457507294,0.15333274841946978,-0.09532674759531279,-0.24865949601478257,-0.17316371507083816,-0.6121968299605841,0.06851111329641395,0.13501585139815886,-0.06650473810174491,"{0: 0, 1: 1, 2: 2}",5.877973556518555,9.590106010437012,0.0280738677829504,0.16328324377536774,0.0,0.19757701456546783,5.0,135608,False,"[1.1217955350875854, 1.0628854036331177, 1.2330764532089233]",False,False
"D2 (SFA, variance-ramped)",179,False,"[0.920395016670227, 1.0946402549743652, 1.1599303483963013]","[0.920395016670227, 1.0946402549743652, 1.1599303483963013]",0.1880461414423453,191.70000143404388,0.16659872096892456,0.030140214424059043,0.047545733739731734,0.01740551931567269,-0.34191280418570597,-0.036558492315802105,0.08199010470206818,0.2407096945406241,-0.15871958983855594,"{0: 1, 1: 2, 2: 0}",3.8361711502075195,11.357501983642578,0.051882605999708176,0.011939169839024544,0.0,0.4325956404209137,5.0,135608,False,"[1.1344304084777832, 1.0685462951660156, 1.0338385105133057]",False,False
"D2 (SFA, variance-ramped)",181,False,"[1.8934435844421387, 1.2966266870498657, 1.4558087587356567]","[1.8934435844421387, 1.2966266870498657, 1.4558087587356567]",0.15980263441493858,83.9515102218234,0.5540277309673552,0.1261670472883088,-0.1167258226069627,-0.24289286989527148,0.08666347640328176,-1.8448484976281636,0.033608275554112686,0.22278622446545815,-0.18917794891134546,"{0: 0, 1: 1, 2: 2}",4.095165252685547,30.430997848510742,0.04757481813430786,0.07951733469963074,0.0,0.16992048919200897,5.0,135608,False,"[1.2011356353759766, 1.370106816291809, 0.8976550102233887]",False,False
"D2 (SFA, variance-ramped)",191,False,"[1.1633673906326294, 1.2658684253692627, 1.2307701110839844]","[1.1633673906326294, 1.2658684253692627, 1.2307701110839844]",0.16247596705323775,108.21602881827681,0.26294337266712525,0.08301698281700993,-0.01885683483978044,-0.10187381765679038,-0.09515817145754772,-0.2867416573192771,0.03347513841104085,0.03851034437126918,-0.005035205960228328,"{0: 2, 1: 0, 2: 1}",2.889073610305786,3.881059408187866,0.006519893649965525,0.04522816091775894,0.0,0.31135594844818115,5.0,135608,False,"[0.9960765242576599, 1.1634749174118042, 1.4902355670928955]",False,False
"D2 (SFA, variance-ramped)",193,False,"[0.905197262763977, 1.0557869672775269, 0.7393478155136108]","[0.905197262763977, 1.0557869672775269, 0.7393478155136108]",0.091994145831324,226.17033291082973,0.23947898045967098,0.12824687841812363,-0.043121638713923875,-0.1713685171320475,-0.06765392099712053,0.11664231761703203,0.03403803320690302,0.04721766533063284,-0.013179632123729822,"{0: 2, 1: 0, 2: 1}",3.6074273586273193,3.158998727798462,0.06275077909231186,0.04713992029428482,0.0,0.1551070362329483,5.0,135608,False,"[1.1085047721862793, 1.4380786418914795, 0.8518727421760559]",False,False
"D2 (SFA, variance-ramped)",197,False,"[1.546489953994751, 1.3139537572860718, 1.4181909561157227]","[1.546489953994751, 1.3139537572860718, 1.4181909561157227]",0.053018204568314575,117.60447846055855,0.2606086305594999,0.5834021703784333,-0.01301724645433386,-0.5964194168327672,-0.16324852022046846,0.08062997716663285,0.03424485039403591,0.030527406949755642,0.003717443444280266,"{0: 2, 1: 1, 2: 0}",3.1471939086914062,12.098000526428223,0.0,0.09714513272047043,0.0,0.1351514309644699,5.0,135608,False,"[1.2011839151382446, 1.1352611780166626, 1.0209054946899414]",False,False
"D2 (SFA, variance-ramped)",199,False,"[1.1515458822250366, 1.2565220594406128, 1.3317677974700928]","[1.1515458822250366, 1.2565220594406128, 1.3317677974700928]",0.04176705661679699,155.38072505156615,0.26535490758015917,0.0749692310169319,-0.06070104129471837,-0.13567027231165027,-0.011117171142888016,-0.18468582929986557,0.05276883826259778,0.07326580733463688,-0.020496969072039094,"{0: 1, 1: 0, 2: 2}",3.2966537475585938,95.74369049072266,0.05869436264038086,0.04598884657025337,0.0,0.12015527486801147,5.0,135608,False,"[1.1827130317687988, 1.0062322616577148, 0.9359598755836487]",False,False
"D2 (SFA, variance-ramped)",211,False,"[0.9910439848899841, 0.8102115988731384, 0.6856867074966431]","[0.9910439848899841, 0.8102115988731384, 0.6856867074966431]",0.16381515437612115,230.91485287074093,0.5899550623211683,0.09883029546957971,-0.07830505354292445,-0.17713534901250416,-0.004857211134895123,-0.21400740383291003,0.06372485607610064,0.07509655883564947,-0.011371702759548838,"{0: 1, 1: 0, 2: 2}",6.675941467285156,71.5444107055664,0.124447762966156,0.11081115156412125,0.0,0.1288978010416031,5.0,135608,False,"[0.7803981900215149, 1.0329458713531494, 1.0748729705810547]",False,False
"D2 (SFA, variance-ramped)",223,False,"[0.9911966919898987, 0.9614077806472778, 0.8960709571838379]","[0.9911966919898987, 0.9614077806472778, 0.8960709571838379]",0.36777278844844674,203.99786992049806,0.4272109952669501,0.14509153766872918,-0.06561841012151519,-0.21070994779024435,0.13621518405543773,-0.45056581172479904,0.07281707238647168,0.20394198983997538,-0.1311249174535037,"{0: 1, 1: 2, 2: 0}",1.772003173828125,61.21908950805664,0.02215440943837166,0.03189777582883835,0.0,0.0763152614235878,5.0,135608,False,"[1.236310362815857, 0.971062183380127, 1.0866461992263794]",False,False
"D2 (SFA, variance-ramped)",227,False,"[1.4170849323272705, 1.0387547016143799, 1.2581689357757568]","[1.4170849323272705, 1.0387547016143799, 1.2581689357757568]",0.10000568104632213,177.1611432204812,0.29001556631836384,0.04325912839310402,-0.014349516538418823,-0.057608644931522845,-0.01949442448996937,-0.04164247653011118,0.028884512853411277,0.03791930458352769,-0.009034791730116416,"{0: 2, 1: 1, 2: 0}",3.3584747314453125,45.77708435058594,0.003769814968109131,0.10879787057638168,0.0,0.08586674183607101,5.0,135608,False,"[1.11339271068573, 1.0386077165603638, 1.2037054300308228]",False,False
