arm,seed,checkpoint_step,has_collapsed,per_dim_std,mean_abs_corr,mean_dyn_delta,mean_coord_delta,slowness_ratio,centroid_mse_mean,centroid_mse_per_object,centroid_r_mean,centroid_r_per_object,vicreg_per_dim_std,vicreg_mean_abs_corr,r2_dyn_color,r2_coord_color,r2_dyn_pos,r2_coord_pos,delta_r2_color,r2_per_dim,dim_to_obj,gdasr_growth_point_count,gdasr_growth_points,final_train_loss,final_train_sim_loss,final_train_sfa_loss
Arm A1 (SFA w=0.1),42,5000,1,"[0.011963851749897003, 0.015536014921963215, 0.01598813198506832]",0.9844209933566678,3.9077374822227284e-05,0.030223635956645012,0.0012929408915919244,83.92239905937966,"[69.08643538976116, 123.91586368577846, 58.76489810259938]",0.31886887410512316,"[0.6015286631406653, 0.007807350256143901, 0.3472706089185603]","[0.011963851749897003, 0.015536014921963215, 0.01598813198506832]",0.9844209933566678,-0.012140249450518606,-0.18824300567148367,0.1456373038244273,-0.18148237002683487,0.17610275622096505,"[{'dyn_color': 0.06253759278588022, 'coord_color': 0.05848828482616112, 'dyn_pos': 0.1263597355298295, 'coord_pos': -0.7187489133397154}, {'dyn_color': -0.08209941310493878, 'coord_color': 0.10831438081168798, 'dyn_pos': -0.007485946415352052, 'coord_pos': -0.15637248636841883}, {'dyn_color': -0.01685892803249726, 'coord_color': -0.7315316826523001, 'dyn_pos': 0.31803812235880446, 'coord_pos': 0.33067428962762957}]","{0: 1, 1: 0, 2: 2}",6,"[{'step': 1962, 'ema_error': 0.004247854646429987, 'mean': np.float64(0.00335349791438298), 'std': np.float64(0.0002220583352598555)}, {'step': 2263, 'ema_error': 0.006096391681926534, 'mean': np.float64(0.003548240466437328), 'std': np.float64(0.0005241333770302597)}, {'step': 3332, 'ema_error': 0.009035352832959798, 'mean': np.float64(0.00552569744054599), 'std': np.float64(0.000839102497016397)}, {'step': 3821, 'ema_error': 0.01259319295595873, 'mean': np.float64(0.00672866176623918), 'std': np.float64(0.0013206250758657737)}, {'step': 4129, 'ema_error': 0.026717893268414915, 'mean': np.float64(0.009769800746744817), 'std': np.float64(0.004095862816523215)}, {'step': 4637, 'ema_error': 0.03779289832921525, 'mean': np.float64(0.018598960427022478), 'std': np.float64(0.004751736978161404)}]",24.888402938842773,0.02962562069296837,1.308148421230726e-05
Arm A1 (SFA w=0.1),123,5000,0,"[0.8344300389289856, 0.8202794790267944, 1.0936306715011597]",0.0586647068080391,0.32741454243659973,0.00041974938358180225,780.0238772542906,162.6502447178813,"[69.72695656173103, 297.1939812494734, 121.02979634243951]",0.48718615814937194,"[0.2823294471539847, 0.585492231603041, 0.5937367956910902]","[0.8344300389289856, 0.8202794790267944, 1.0936306715011597]",0.0586647068080391,-0.059925785299427194,-0.030237052498892483,0.03811214196230598,-0.14023138658350112,-0.02968873280053471,"[{'dyn_color': -0.20714432247084572, 'coord_color': 0.17257413674248656, 'dyn_pos': -0.18115187179999448, 'coord_pos': -0.12219412893056103}, {'dyn_color': -0.01993262751939673, 'coord_color': -0.2574116047144012, 'dyn_pos': 0.0305095013257507, 'coord_pos': -0.12316080162811094}, {'dyn_color': 0.04729959409196086, 'coord_color': -0.005873689524762786, 'dyn_pos': 0.26497879636116173, 'coord_pos': -0.17533922919183142}]","{0: 0, 1: 1, 2: 2}",0,[],4.038521766662598,0.10809032618999481,0.1057652160525322
Arm A1 (SFA w=0.1),456,5000,0,"[1.6475863456726074, 1.1823474168777466, 1.2516834735870361]",0.17729070824224757,0.4598550498485565,0.0007351445965468884,625.5300676670299,108.67240345761525,"[51.6457937806466, 197.8391761137782, 76.53224047842093]",0.2867301097129551,"[0.4627516983383858, 0.20316152638683094, 0.19427710441364857]","[1.6475863456726074, 1.1823474168777466, 1.2516834735870361]",0.17729070824224757,-0.33197387122737454,-0.42382364639825054,0.0435514213256849,0.27701639420445356,0.091849775170876,"[{'dyn_color': -0.6034120932382723, 'coord_color': -0.44460543647717127, 'dyn_pos': 0.6146459578253005, 'coord_pos': 0.8308401123521741}, {'dyn_color': -0.17463265062987968, 'coord_color': -0.40881499884025113, 'dyn_pos': -0.1081616604140414, 'coord_pos': 0.0035518772364397933}, {'dyn_color': -0.21787686981397172, 'coord_color': -0.4180505038773292, 'dyn_pos': -0.3758300334342044, 'coord_pos': -0.003342806975253243}]","{0: 0, 1: 1, 2: 2}",0,[],6.941626071929932,0.08076903969049454,0.08349677175283432
Arm A1 (SFA w=0.1),789,5000,0,"[0.8173590302467346, 1.1418837308883667, 0.9074616432189941]",0.1006667540675008,0.17412211000919342,0.0008230000967159867,211.56997489115986,151.96071429254178,"[192.44993615319967, 159.96936187723574, 103.46284484718991]",0.24414189422467922,"[0.32786138863167624, 0.22954525375020507, 0.17501904029215637]","[0.8173590302467346, 1.1418837308883667, 0.9074616432189941]",0.1006667540675008,-0.7292014709862542,-0.22688173771307033,-0.5975417237030425,-0.2877621190660904,-0.5023197332731839,"[{'dyn_color': -0.24538210610644803, 'coord_color': 0.18095533709009867, 'dyn_pos': -0.007310705539628648, 'coord_pos': -0.24568300049671654}, {'dyn_color': -1.7754144220472188, 'coord_color': -0.7351473977548566, 'dyn_pos': -1.7746518690369193, 'coord_pos': -0.5258636841874831}, {'dyn_color': -0.16680788480509598, 'coord_color': -0.1264531524744531, 'dyn_pos': -0.010662596532579505, 'coord_pos': -0.09173967251407156}]","{0: 0, 1: 1, 2: 2}",3,"[{'step': 2334, 'ema_error': 0.034518866411102446, 'mean': np.float64(0.02336827667968255), 'std': np.float64(0.002679246245509454)}, {'step': 3523, 'ema_error': 0.1255819606890248, 'mean': np.float64(0.08856346638325419), 'std': np.float64(0.008659877032801667)}, {'step': 3845, 'ema_error': 0.15984468655805956, 'mean': np.float64(0.10097387062542001), 'std': np.float64(0.014492593053721187)}]",7.073525428771973,0.18166065216064453,0.0585719533264637
Arm A1 (SFA w=0.1),999,5000,0,"[0.9198601841926575, 0.7065674662590027, 0.8205561637878418]",0.4881416034495616,0.04165242239832878,0.000571278971619904,72.91082709960321,102.0870920398877,"[9.129633659811027, 97.9460016220024, 199.1856408378497]",0.48183420367402463,"[0.9587112064516105, 0.323174074562285, 0.16361733000817852]","[0.9198601841926575, 0.7065674662590027, 0.8205561637878418]",0.4881416034495616,-0.17266121319777564,-0.0689494764492005,-0.37958599059125997,0.1339806405485989,-0.10371173674857513,"[{'dyn_color': -0.6233123093441688, 'coord_color': -0.12229690178106423, 'dyn_pos': -0.30936131887011564, 'coord_pos': 0.8349788951650042}, {'dyn_color': -0.0037873184667372253, 'coord_color': -0.06609661780497696, 'dyn_pos': -0.0026401178276385107, 'coord_pos': 0.022979000476881617}, {'dyn_color': 0.10911598821757906, 'coord_color': -0.01845490976156035, 'dyn_pos': -0.8267565350760258, 'coord_pos': -0.4560159739960892}]","{0: 0, 1: 1, 2: 2}",2,"[{'step': 734, 'ema_error': 0.08281313179833247, 'mean': np.float64(0.032482637474907455), 'std': np.float64(0.01240113420811388)}, {'step': 3240, 'ema_error': 0.08531147654761888, 'mean': np.float64(0.07175062649711839), 'std': np.float64(0.00330544278187836)}]",3.4194202423095703,0.04782408848404884,0.07087227702140808
Arm A2 (SFA w=1.0 fixed),42,5000,1,"[0.015306752175092697, 0.017892291769385338, 0.01922750100493431]",0.9929065158113876,3.6601366446120664e-05,0.030593877658247948,0.0011963624504805709,74.50985381311362,"[79.30335819874081, 86.4419515486995, 57.784251691900536]",0.478793255721865,"[0.5170964498534254, 0.5504838108728425, 0.36879950643932696]","[0.015306752175092697, 0.017892291769385338, 0.01922750100493431]",0.9929065158113876,0.020740327948753887,-0.1199362844974546,0.054666757303944914,-0.22024331414259798,0.1406766124462085,"[{'dyn_color': 0.06910061073149842, 'coord_color': 0.051972325037659695, 'dyn_pos': 0.04240332265972857, 'coord_pos': -0.7669127580301012}, {'dyn_color': -0.003956074856756198, 'coord_color': 0.12515161241531203, 'dyn_pos': -0.01934747879574683, 'coord_pos': -0.11708601491738246}, {'dyn_color': -0.002923552028480566, 'coord_color': -0.5369327909453355, 'dyn_pos': 0.140944428047853, 'coord_pos': 0.2232688305196897}]","{0: 1, 1: 0, 2: 2}",3,"[{'step': 2867, 'ema_error': 0.007427815569822119, 'mean': np.float64(0.004784875549022367), 'std': np.float64(0.0005727331398956861)}, {'step': 3615, 'ema_error': 0.014987305106762614, 'mean': np.float64(0.008608476075469006), 'std': np.float64(0.0013397317712916643)}, {'step': 4098, 'ema_error': 0.02524584876914276, 'mean': np.float64(0.013114204234674486), 'std': np.float64(0.002812436632540026)}]",25.49799346923828,0.05720306932926178,9.908550964610185e-06
Arm A2 (SFA w=1.0 fixed),123,5000,0,"[1.0286295413970947, 0.7917159199714661, 0.853909969329834]",0.413904148463623,0.23303698003292084,0.0005929004400968552,393.04571877498796,192.81191036583468,"[27.677989981893457, 408.09267818244933, 142.66506293316118]",0.5318645035827513,"[0.7966802084306349, 0.31235556525212965, 0.48655773706548916]","[1.0286295413970947, 0.7917159199714661, 0.853909969329834]",0.413904148463623,-0.11079289237250323,0.03465557765468287,-0.1159632142902004,-0.05417957497470923,-0.14544847002718608,"[{'dyn_color': -0.31375609894041107, 'coord_color': 0.20603616515236833, 'dyn_pos': -0.33244347382212447, 'coord_pos': 0.37462696915251215}, {'dyn_color': -0.045823762293861536, 'coord_color': -0.1321493445264146, 'dyn_pos': 0.07581973453092383, 'coord_pos': -0.14137763660272373}, {'dyn_color': 0.027201184116762905, 'coord_color': 0.03007991233809489, 'dyn_pos': -0.09126590357940056, 'coord_pos': -0.3957880574739161}]","{0: 0, 1: 1, 2: 2}",1,"[{'step': 700, 'ema_error': 0.3058901553290752, 'mean': np.float64(0.06617811875745831), 'std': np.float64(0.05880055942854863)}]",3.1647229194641113,0.08083969354629517,0.07385104894638062
Arm A2 (SFA w=1.0 fixed),456,5000,0,"[1.241406798362732, 1.4687215089797974, 1.2601238489151]",0.11351865785245123,0.6191626191139221,0.000379931996576488,1629.6669484629867,112.00155427977505,"[60.40009844607061, 198.59932064127656, 77.00524375197797]",0.22174119965648528,"[0.28456487870663083, 0.19388887386026918, 0.18676984640255578]","[1.241406798362732, 1.4687215089797974, 1.2601238489151]",0.11351865785245123,-0.3974792462569214,-0.44862255146067986,0.12700568055994144,0.2550376460584066,0.05114330520375848,"[{'dyn_color': -0.7716909832978273, 'coord_color': -0.412294024028877, 'dyn_pos': 0.49729365233351075, 'coord_pos': 0.7902278674090378}, {'dyn_color': -0.20718956946431424, 'coord_color': -0.4585207147892154, 'dyn_pos': -0.3362978464871136, 'coord_pos': 0.03701991089597256}, {'dyn_color': -0.2135571860086225, 'coord_color': -0.4750529155639471, 'dyn_pos': 0.22002123583342714, 'coord_pos': -0.062134840129790536}]","{0: 0, 1: 1, 2: 2}",1,"[{'step': 821, 'ema_error': 0.47701015022361526, 'mean': np.float64(0.24524591326358575), 'std': np.float64(0.05500872571286787)}]",4.1315178871154785,0.08267541229724884,0.06328587979078293
Arm A2 (SFA w=1.0 fixed),789,5000,0,"[0.7668816447257996, 1.125792145729065, 1.0465312004089355]",0.05569350758184982,0.1345060020685196,0.0012231044238433242,109.97098803378901,112.51108299020639,"[69.68509872436456, 161.4615443715927, 106.38660587466194]",0.3629989603834934,"[0.8227028064854048, 0.20940095961830849, 0.056893115046766876]","[0.7668816447257996, 1.125792145729065, 1.0465312004089355]",0.05569350758184982,-0.6576634617348431,-0.0837478933943936,-0.7431608701286336,0.24011342796865054,-0.5739155683404495,"[{'dyn_color': 0.16058666138295283, 'coord_color': -0.16376485210668637, 'dyn_pos': -0.1693465002529575, 'coord_pos': 0.5996896195622555}, {'dyn_color': -1.6629668289007835, 'coord_color': 0.03582169414505635, 'dyn_pos': -1.4052606044274802, 'coord_pos': -0.0543113702680913}, {'dyn_color': -0.4706102176866987, 'coord_color': -0.12330052222155079, 'dyn_pos': -0.6548755057054632, 'coord_pos': 0.1749620346117874}]","{0: 0, 1: 1, 2: 2}",2,"[{'step': 2616, 'ema_error': 0.022381478604575632, 'mean': np.float64(0.018398931139819708), 'std': np.float64(0.000972006592136938)}, {'step': 4025, 'ema_error': 0.1068941566159232, 'mean': np.float64(0.043834005617030256), 'std': np.float64(0.015593542949046243)}]",10.835623741149902,0.23906174302101135,0.05070367828011513
Arm A2 (SFA w=1.0 fixed),999,5000,0,"[0.6649909019470215, 1.187755823135376, 0.9095565676689148]",0.48358961142278706,0.1013234555721283,0.0003467857313808054,292.17884737214337,106.44822244378987,"[24.86729157470738, 103.05654767057794, 191.42082808608433]",0.4592116396184412,"[0.8830171294183575, 0.24023679307818055, 0.25438099635878547]","[0.6649909019470215, 1.187755823135376, 0.9095565676689148]",0.48358961142278706,0.05059891212966594,-0.03174997810686148,-0.03320560951659509,-0.06464035052987711,0.08234889023652742,"[{'dyn_color': -0.1779457493350637, 'coord_color': 0.00383769111091233, 'dyn_pos': -0.1496186744188177, 'coord_pos': 0.3566453790402735}, {'dyn_color': 0.05133660695271761, 'coord_color': -0.08887738719806597, 'dyn_pos': -0.09797170801449151, 'coord_pos': 0.033107217731234484}, {'dyn_color': 0.27840587877134393, 'coord_color': -0.010210238233430813, 'dyn_pos': 0.14797355388352396, 'coord_pos': -0.5836736483611393}]","{0: 0, 1: 1, 2: 2}",2,"[{'step': 700, 'ema_error': 0.3045556021773763, 'mean': np.float64(0.0580730813968147), 'std': np.float64(0.05894275544520361)}, {'step': 1541, 'ema_error': 0.2658133777315018, 'mean': np.float64(0.17351078150850943), 'std': np.float64(0.022719224993320537)}]",3.660367488861084,0.09598367661237717,0.1402408331632614
Arm B (JEPA+CCR baseline),42,5000,1,"[0.15516634285449982, 0.19621306657791138, 0.23228459060192108]",0.7885961064213701,0.00242563895881176,0.06616612523794174,0.03665983084323279,78.77184582999162,"[81.8275361976228, 103.11920059883724, 51.36880069351482]",0.4615375097613342,"[0.49402774336141886, 0.40970309579576103, 0.48088169012682275]","[0.15516634285449982, 0.19621306657791138, 0.23228459060192108]",0.7885961064213701,-0.03970047145298397,-0.04812661445454144,-0.24179707203307943,-0.11262271494782028,0.008426143001557466,"[{'dyn_color': -0.34194620945653004, 'coord_color': -0.05317565708880034, 'dyn_pos': -1.1704745377109558, 'coord_pos': -0.3631437063638421}, {'dyn_color': 0.01534277735482644, 'coord_color': -0.0505047351167223, 'dyn_pos': 0.047800031213373395, 'coord_pos': 0.044406555308703854}, {'dyn_color': 0.2075020177427517, 'coord_color': -0.04069945115810166, 'dyn_pos': 0.3972832903983442, 'coord_pos': -0.019130993788322614}]","{0: 0, 1: 1, 2: 2}",2,"[{'step': 2037, 'ema_error': 0.07868920884389119, 'mean': np.float64(0.06943723712836533), 'std': np.float64(0.0022080129549674928)}, {'step': 4616, 'ema_error': 0.01893692593273275, 'mean': np.float64(0.015831689745936323), 'std': np.float64(0.0007757176549583864)}]",26.902376174926758,0.04961603507399559,0.0
Arm B (JEPA+CCR baseline),123,5000,1,"[0.44586944580078125, 0.5447627902030945, 0.4067750871181488]",0.998319511319152,0.008781617507338524,0.004455484915524721,1.9709678456701376,169.58586205523082,"[4.350467875156879, 357.8299702226813, 146.5771480678543]",0.6307558656936276,"[0.9708657901082778, 0.4568522540318607, 0.46454955294074446]","[0.44586944580078125, 0.5447627902030945, 0.4067750871181488]",0.998319511319152,-0.1783433272057876,0.016623200300306194,0.06137724743608738,0.1840415634263418,-0.1949665275060938,"[{'dyn_color': -0.37401508694674995, 'coord_color': 0.1269897454290693, 'dyn_pos': -0.4454499954060247, 'coord_pos': 0.8706380166887995}, {'dyn_color': -0.13330121496948752, 'coord_color': -0.06829255920854993, 'dyn_pos': 0.1472775545325461, 'coord_pos': -0.049621279599907586}, {'dyn_color': -0.02771367970112537, 'coord_color': -0.00882758531960078, 'dyn_pos': 0.48230418318174073, 'coord_pos': -0.26889204680986656}]","{0: 0, 1: 1, 2: 2}",1,"[{'step': 4070, 'ema_error': 0.01598996430250704, 'mean': np.float64(0.011858644755673855), 'std': np.float64(0.000920892018122729)}]",31.994176864624023,0.013521000742912292,0.0
Arm B (JEPA+CCR baseline),456,5000,0,"[1.0971436500549316, 0.805029571056366, 1.2916717529296875]",0.20794155019217034,0.07465377449989319,0.19905336201190948,0.3750440271139533,91.85985595308769,"[12.35207960006991, 190.43304855009862, 72.79443970909452]",0.48999473867918536,"[0.9011359233652991, 0.2777817170897953, 0.29106657558246146]","[1.0971436500549316, 0.805029571056366, 1.2916717529296875]",0.20794155019217034,-0.6933606166977843,-0.23929218780884765,-0.20092405927353418,0.19789100600034662,-0.4540684288889366,"[{'dyn_color': -0.5830031572103995, 'coord_color': -0.22678930022266677, 'dyn_pos': 0.09528986068023482, 'coord_pos': 0.6269503561746642}, {'dyn_color': -0.06624218055335714, 'coord_color': -0.4354614494802722, 'dyn_pos': -1.1854597639078635, 'coord_pos': 0.023732057938658513}, {'dyn_color': -1.430836512329596, 'coord_color': -0.05562581372360401, 'dyn_pos': 0.4873977254070261, 'coord_pos': -0.05700939611228284}]","{0: 0, 1: 1, 2: 2}",3,"[{'step': 2259, 'ema_error': 0.023651028202466277, 'mean': np.float64(0.018543489834616626), 'std': np.float64(0.0012583475912025697)}, {'step': 2793, 'ema_error': 0.07393336662803886, 'mean': np.float64(0.035331324939736605), 'std': np.float64(0.009531805048023327)}, {'step': 3509, 'ema_error': 0.12898707664424208, 'mean': np.float64(0.09425835134093227), 'std': np.float64(0.0075232979952121965)}]",4.581121444702148,0.05358600616455078,0.0
Arm B (JEPA+CCR baseline),789,5000,1,"[0.3199668824672699, 0.33956167101860046, 0.4145447313785553]",0.998755180389484,0.012373318895697594,0.02587822638452053,0.4781362799508066,121.76286717374667,"[97.63305533292352, 162.21240495216765, 105.44314123614888]",0.34936958801793966,"[0.739740572898472, 0.19849997177462808, 0.109868219380719]","[0.3199668824672699, 0.33956167101860046, 0.4145447313785553]",0.998755180389484,0.0020621656547309317,-0.03291576485719199,0.2996076072731265,0.1509234994662364,0.034977930511922925,"[{'dyn_color': 0.018818926595823515, 'coord_color': 0.009820966008782869, 'dyn_pos': 0.7498411148367881, 'coord_pos': 0.37718941649322346}, {'dyn_color': 0.06733743301639387, 'coord_color': -0.043730047226955726, 'dyn_pos': -0.037365821502736596, 'coord_pos': 0.03334835139896164}, {'dyn_color': -0.0799698626480246, 'coord_color': -0.06483821335340312, 'dyn_pos': 0.1863475284853281, 'coord_pos': 0.0422327305065241}]","{0: 0, 1: 1, 2: 2}",0,[],31.7816219329834,0.003978059161454439,0.0
Arm B (JEPA+CCR baseline),999,5000,1,"[1.0859683752059937, 0.48857247829437256, 0.8459826111793518]",0.37354680460599404,0.01835056208074093,0.06444014608860016,0.28476909495558206,106.54120034573754,"[19.738290256455073, 107.87613941988582, 192.00917136087173]",0.4246209119312554,"[0.9083791619261505, 0.11681713006871972, 0.24866644379889588]","[1.0859683752059937, 0.48857247829437256, 0.8459826111793518]",0.37354680460599404,-0.2597160682665959,-0.09295857581757727,-0.7782440984427953,0.1800976851928877,-0.1667574924490186,"[{'dyn_color': -0.8021841161244144, 'coord_color': -0.18212822360853442, 'dyn_pos': -1.0289737715982774, 'coord_pos': 0.6717606060732799}, {'dyn_color': -0.018743251654431248, 'coord_color': -0.014071798100495414, 'dyn_pos': -0.011187388706704215, 'coord_pos': 0.08991069293102849}, {'dyn_color': 0.041779162979058, 'coord_color': -0.08267570574370198, 'dyn_pos': -1.2945711350234044, 'coord_pos': -0.22137824342564527}]","{0: 0, 1: 1, 2: 2}",0,[],21.279186248779297,0.10137322545051575,0.0
Arm C (SFA w=0.1+pos),42,5000,0,"[0.9970691204071045, 0.6635201573371887, 0.9210794568061829]",0.38486473438556007,0.09358914941549301,1.3913743714510929e-05,6726.381095513919,52.488874643690245,"[17.43291074484854, 79.8099441298377, 60.2237690563845]",0.6102414860653383,"[0.915995148065047, 0.60031877907949, 0.31441053105147804]","[0.9970691204071045, 0.6635201573371887, 0.9210794568061829]",0.38486473438556007,-0.3062428459967917,-0.04896050537837924,-0.21391873586425222,0.4041455167707026,-0.25728234061841243,"[{'dyn_color': -0.35852777268318686, 'coord_color': 0.11557232138357902, 'dyn_pos': -1.0309034342455483, 'coord_pos': 0.7299600351031694}, {'dyn_color': -0.2548492811208057, 'coord_color': -0.13366470579921186, 'dyn_pos': 0.024394162897034444, 'coord_pos': 0.4316361251347487}, {'dyn_color': -0.30535148418638264, 'coord_color': -0.12878913171950487, 'dyn_pos': 0.3647530637557571, 'coord_pos': 0.0508403900741895}]","{0: 0, 1: 1, 2: 2}",2,"[{'step': 712, 'ema_error': 0.9297919220121046, 'mean': np.float64(0.17656649925859555), 'std': np.float64(0.18507742596111035)}, {'step': 3400, 'ema_error': 0.16837937296684105, 'mean': np.float64(0.1371658380878079), 'std': np.float64(0.007736889092955604)}]",5.334379196166992,0.14314405620098114,0.06173409894108772
Arm C (SFA w=0.1+pos),123,5000,0,"[0.6657400131225586, 1.2160667181015015, 0.6153678894042969]",0.2175497827225443,0.06481915712356567,0.00010679538536351174,606.9471662655282,166.73058807807703,"[39.51321823519693, 282.19593791412245, 178.48260808491173]",0.5058243580454981,"[0.6917315508058273, 0.6131688064564984, 0.21257271687416862]","[0.6657400131225586, 1.2160667181015015, 0.6153678894042969]",0.2175497827225443,-0.03298531579541306,-0.009876098524143825,-0.10292036295995155,0.10657835520472043,-0.023109217271269238,"[{'dyn_color': -0.06809049137619672, 'coord_color': 0.017067450790293853, 'dyn_pos': -0.7450622806842466, 'coord_pos': 0.6764669128907583}, {'dyn_color': -0.13738496315463733, 'coord_color': -0.047545954540306336, 'dyn_pos': 0.1526641931008702, 'coord_pos': -0.09027171635514186}, {'dyn_color': 0.10651950714459486, 'coord_color': 0.0008502081775810059, 'dyn_pos': 0.28363699870352177, 'coord_pos': -0.26646013092145515}]","{0: 0, 1: 1, 2: 2}",3,"[{'step': 1495, 'ema_error': 0.06748580945350909, 'mean': np.float64(0.03637176739180498), 'std': np.float64(0.007726560241485511)}, {'step': 1796, 'ema_error': 0.7056137315200317, 'mean': np.float64(0.11445944663737478), 'std': np.float64(0.11936108866634128)}, {'step': 4803, 'ema_error': 0.07100501579682005, 'mean': np.float64(0.058181488996397406), 'std': np.float64(0.003079209316569749)}]",1.7816662788391113,0.055833324790000916,0.024326929822564125
Arm C (SFA w=0.1+pos),456,5000,0,"[1.1059519052505493, 1.2355231046676636, 1.0721328258514404]",0.2560608212057458,0.17192289233207703,0.08599448949098587,1.999231501317292,107.6994681595455,"[40.40470729506583, 203.36813400385822, 79.32556317971245]",0.2639903313492185,"[0.6206342538383256, 0.12033873010454771, 0.05099801010478217]","[1.1059519052505493, 1.2355231046676636, 1.0721328258514404]",0.2560608212057458,-0.045760972076247436,-0.35284117360708483,0.15137813850092643,0.1657866849992993,0.30708020153083737,"[{'dyn_color': -0.10000649696377899, 'coord_color': -0.1539398743085858, 'dyn_pos': 0.29326923733779287, 'coord_pos': 0.5360305715172917}, {'dyn_color': -0.05941848903204783, 'coord_color': -0.47185271769704284, 'dyn_pos': -0.03619837549676963, 'coord_pos': 0.09733133840842256}, {'dyn_color': 0.02214206976708451, 'coord_color': -0.43273092881562586, 'dyn_pos': 0.1970635536617561, 'coord_pos': -0.13600185492781636}]","{0: 0, 1: 1, 2: 2}",2,"[{'step': 3114, 'ema_error': 0.15967111012926952, 'mean': np.float64(0.1284197648058609), 'std': np.float64(0.007758677191737036)}, {'step': 4533, 'ema_error': 0.09523640352657539, 'mean': np.float64(0.05334417099687397), 'std': np.float64(0.010121059634705882)}]",4.457273006439209,0.09934864193201065,0.03414973244071007
Arm C (SFA w=0.1+pos),789,5000,0,"[0.6385512351989746, 0.955626904964447, 0.9554516077041626]",0.1449152416440659,0.0570133738219738,0.003500499064102769,16.287212983529244,145.2893023962986,"[167.2153594142133, 162.46163845134643, 106.19090932333609]",0.24664410012214014,"[0.4738368948123162, 0.194746957310887, 0.07134844824321719]","[0.6385512351989746, 0.955626904964447, 0.9554516077041626]",0.1449152416440659,-0.08101915583873182,-0.1023160041717039,0.12615338873063084,0.3250528264907138,0.021296848332972088,"[{'dyn_color': -0.12954973689321111, 'coord_color': -0.055046920882121375, 'dyn_pos': 0.09604778591714858, 'coord_pos': 0.4464878748904134}, {'dyn_color': -0.050354715713041065, 'coord_color': -0.11886380304522115, 'dyn_pos': 0.28876381965644937, 'coord_pos': 0.405476344051273}, {'dyn_color': -0.06315301490994325, 'coord_color': -0.1330372885877692, 'dyn_pos': -0.006351439381705459, 'coord_pos': 0.12319426053045512}]","{0: 0, 1: 1, 2: 2}",1,"[{'step': 3495, 'ema_error': 0.16682967533303197, 'mean': np.float64(0.1310645327711265), 'std': np.float64(0.008662356066757283)}]",2.7081313133239746,0.06581414490938187,0.01858925260603428
Arm C (SFA w=0.1+pos),999,5000,0,"[0.8633027672767639, 0.7519713044166565, 0.8776403069496155]",0.17772904918744725,0.026894856244325638,3.104151619481854e-05,866.4156482923113,107.15026253885567,"[40.64258321903735, 102.17312539298473, 178.63507900454493]",0.47104875580391425,"[0.7999857873894811, 0.2565016227881489, 0.3566588572341128]","[0.8633027672767639, 0.7519713044166565, 0.8776403069496155]",0.17772904918744725,-0.15378925268723578,-0.08471216841090945,-0.019753299141994862,0.0074594292789467165,-0.06907708427632633,"[{'dyn_color': 0.015603866703349087, 'coord_color': -0.0947237700639374, 'dyn_pos': -0.012227771413032773, 'coord_pos': 0.7958724660682124}, {'dyn_color': -0.2139609981470031, 'coord_color': -0.04262722762817547, 'dyn_pos': 0.05355439211374713, 'coord_pos': -0.001229303026747397}, {'dyn_color': -0.26301062661805336, 'coord_color': -0.1167855075406155, 'dyn_pos': -0.10058651812669894, 'coord_pos': -0.7722648752046248}]","{0: 0, 1: 1, 2: 2}",1,"[{'step': 805, 'ema_error': 0.0486247645606565, 'mean': np.float64(0.02662218358233698), 'std': np.float64(0.0054847962996909215)}]",3.8599624633789062,0.050503380596637726,0.04509151354432106
