arm,seed,checkpoint_step,has_collapsed,per_dim_std,mean_abs_corr,mean_dyn_delta,mean_coord_delta,slowness_ratio,centroid_mse_mean,centroid_mse_per_object,centroid_r_mean,centroid_r_per_object,vicreg_per_dim_std,vicreg_mean_abs_corr,temporal_var_dyn,temporal_var_coord,spatial_var_dyn,spatial_var_coord,normalized_dyn_var,normalized_coord_var,sfa_effective,tracking_delta_corr,tracking_level_corr,tracking_delta_per_dim,tracking_level_per_dim,r2_dyn_color,r2_coord_color,r2_dyn_pos,r2_coord_pos,delta_r2_color,r2_dyn_identity,r2_coord_identity,delta_r2_identity,r2_per_dim,dim_to_obj,sub_feature_r2_matrix,gdasr_growth_point_count,gdasr_growth_points,final_train_loss,final_train_sim_loss,final_train_sfa_loss
A1 (Ctrl sfa=0.1),42,2500,1,"[0.39092230796813965, 0.5245049595832825, 0.3876623809337616]",0.9989715161040347,0.0441657118499279,0.016191309317946434,2.7277418385335226,92.62583348814252,"[98.3560387171991, 120.39358100316024, 59.127880744068236]",0.27236030100546155,"[0.30274613229715075, 0.17365090741884798, 0.34068386330038586]","[0.39092230796813965, 0.5245049595832825, 0.3876623809337616]",0.9989715161040347,0.014721902,0.0053971033,2.5651567,3856.566,0.0057391822,1.3994584e-06,False,-0.09228212812892618,-0.17473548341611114,"[np.float64(-0.39628043089948184), np.float64(0.1352522328086306), np.float64(-0.01581818629592733)]","[np.float64(-0.32462979032770456), np.float64(0.19343013295389364), np.float64(-0.3930067928745225)]",-0.1084172143382956,0.09107278331827845,-0.17408022640235302,-0.19652282127981743,-0.19948999765657405,0.020521470088068556,0.14892990700474543,-0.12840843691667686,"[{'dyn_color': -0.06294387353682802, 'coord_color': -0.0189714603588869, 'dyn_pos': -0.2157438286055835, 'coord_pos': -0.4145870905153137, 'dyn_identity': 0.011831284231580308, 'coord_identity': 0.05934323023121968}, {'dyn_color': -0.23614626376614756, 'coord_color': 0.23959319414748603, 'dyn_pos': -0.34062562274684116, 'coord_pos': -0.05395292404411345, 'dyn_identity': 0.017617937681975504, 'coord_identity': 0.3368418165948581}, {'dyn_color': -0.026161505711911226, 'coord_color': 0.0525966161662362, 'dyn_pos': 0.03412877214536558, 'coord_pos': -0.1210284492800251, 'dyn_identity': 0.03211518835064986, 'coord_identity': 0.050604674188158505}]","{0: 1, 1: 0, 2: 2}",,0,[],17.335071563720703,0.05289957672357559,0.029232455417513847
A1 (Ctrl sfa=0.1),123,2500,1,"[0.12896256148815155, 0.7565284967422485, 0.7580482959747314]",0.41122707807607606,0.07648123055696487,0.0016053825384005904,47.640502297677315,204.58380807935998,"[11.019523252887444, 433.22798144047744, 169.5039195447151]",0.47817373226385024,"[0.9244235820975973, 0.20489715677738715, 0.3052004579165664]","[0.12896256148815155, 0.7565284967422485, 0.7580482959747314]",0.41122707807607606,0.025493745,0.00053512753,9.04307,15.9906645,0.0028191472,3.3464996e-05,False,0.2597766010527149,0.36779145372054817,"[np.float64(0.6590329658063773), np.float64(0.27616597522713976), np.float64(-0.1558691378753725)]","[np.float64(0.7725640388957767), np.float64(0.4170268940323728), np.float64(-0.08621657176650516)]",0.07887377729051269,0.005034036415005918,0.0664018825651647,0.15470646678233546,0.07383974087550677,0.10982855795344204,0.12020628893898633,-0.010377730985544287,"[{'dyn_color': 0.2547740552115861, 'coord_color': 0.05930691136941505, 'dyn_pos': 0.22721381923836104, 'coord_pos': 0.7340791755339149, 'dyn_identity': 0.28418027451346484, 'coord_identity': 0.13490676115801914}, {'dyn_color': -0.014562497586702841, 'coord_color': -0.05040381085938794, 'dyn_pos': -0.07318076126143658, 'coord_pos': -0.0560173530982464, 'dyn_identity': 0.04068166533548401, 'coord_identity': 0.12310373409918629}, {'dyn_color': -0.003590225753345185, 'coord_color': 0.006199008734990648, 'dyn_pos': 0.04517258971856963, 'coord_pos': -0.2139424220886621, 'dyn_identity': 0.0046237340113772785, 'coord_identity': 0.10260837155975355}]","{0: 0, 1: 1, 2: 2}",,1,"[{'step': 906, 'ema_error': 0.09581798947879105, 'mean': np.float64(0.04532448986299889), 'std': np.float64(0.009948757709656553)}]",1.4277846813201904,0.028804095461964607,0.09633060544729233
A1 (Ctrl sfa=0.1),456,2500,0,"[1.454493761062622, 0.8468871712684631, 0.6820334792137146]",0.15945560414868942,0.6097245812416077,0.0010619477834552526,574.1568372444772,102.3508778432476,"[35.55014477309024, 199.1628970900829, 72.3395916665697]",0.38832824218901046,"[0.6775396535407384, 0.1867029768732157, 0.3007420961530773]","[1.454493761062622, 0.8468871712684631, 0.6820334792137146]",0.15945560414868942,0.20324153,0.0003539826,12.561737,15.262698,0.016179413,2.3192662e-05,False,0.2556715114484313,0.34915870139909533,"[np.float64(0.7139611692668989), np.float64(0.23127651424126672), np.float64(-0.1782231491628717)]","[np.float64(0.9355413370895748), np.float64(0.25720693533581523), np.float64(-0.14527216822810401)]",-0.26146273559495703,-0.5465720456089022,0.11574447361244149,0.24126614427686446,0.2851093100139451,0.022318878294056915,0.03646151920284124,-0.014142640908784327,"[{'dyn_color': -0.07465383481068162, 'coord_color': -0.44653920553530807, 'dyn_pos': 0.3332096343730192, 'coord_pos': 0.7457744719456734, 'dyn_identity': 0.037944890875109216, 'coord_identity': 0.0980199863416169}, {'dyn_color': -0.11046784622154278, 'coord_color': -0.6035631581087281, 'dyn_pos': 0.029767633390724746, 'coord_pos': 0.00776480870604257, 'dyn_identity': 0.022335732132603314, 'coord_identity': 0.008290327965010724}, {'dyn_color': -0.5992665257526467, 'coord_color': -0.5896137731826705, 'dyn_pos': -0.015743846926419502, 'coord_pos': -0.029740847821122518, 'dyn_identity': 0.00667601187445821, 'coord_identity': 0.0030742433018960957}]","{0: 0, 1: 1, 2: 2}",,1,"[{'step': 854, 'ema_error': 0.1409351052413232, 'mean': np.float64(0.05931411501711243), 'std': np.float64(0.020050435719436235)}]",6.242921829223633,0.08893442153930664,0.12239841371774673
A1 (Ctrl sfa=0.1),789,2500,0,"[0.854728102684021, 0.9043556451797485, 0.6559683680534363]",0.17655183995452295,0.2798159420490265,0.0029543356504291296,94.71365987600915,125.32386193473553,"[104.02730255287395, 166.94691106250798, 104.9973721888247]",0.3178309379883359,"[0.7194179613634204, 0.10660770995719893, 0.12746714264438844]","[0.854728102684021, 0.9043556451797485, 0.6559683680534363]",0.17655183995452295,0.09327198,0.0009847785,4.6723347,16.94585,0.019962607,5.8113255e-05,False,0.18899027081647546,0.20396669165052486,"[np.float64(0.8023080475843567), np.float64(0.05639556848316663), np.float64(-0.291732803618097)]","[np.float64(0.8809478492243838), np.float64(-0.07690678669952981), np.float64(-0.19214098757327946)]",-0.14673176785101225,-0.17173869671324762,-0.06451230555997363,0.2235711565187267,0.025006928862235378,0.026841880616240304,0.03340740196262467,-0.006565521346384367,"[{'dyn_color': -0.0635468579621176, 'coord_color': -0.09625779143462565, 'dyn_pos': 0.14549378689559656, 'coord_pos': 0.5229499514142457, 'dyn_identity': 0.033653561346527416, 'coord_identity': 0.04149964989764987}, {'dyn_color': -0.1010504925677674, 'coord_color': -0.2868235287437095, 'dyn_pos': 0.019223503234151562, 'coord_pos': 0.002659574024644229, 'dyn_identity': 0.0077297930017306005, 'coord_identity': 0.007771368151860414}, {'dyn_color': -0.27559795302315176, 'coord_color': -0.1321347699614078, 'dyn_pos': -0.358254206809669, 'coord_pos': 0.1451039441172901, 'dyn_identity': 0.03914228750046289, 'coord_identity': 0.05095118783836372}]","{0: 0, 1: 1, 2: 2}",,0,[],0.6422128081321716,0.013148080557584763,0.039977263659238815
A1 (Ctrl sfa=0.1),999,2500,1,"[0.21291109919548035, 1.569887399673462, 1.2258374691009521]",0.43934818288649785,0.07835676521062851,0.0036919715348631144,21.22355615407261,101.46103398657237,"[31.136253011172194, 90.36752570628163, 182.8793232422633]",0.5313544115977287,"[0.8509913973180004, 0.41681452812127284, 0.32625730935391284]","[0.21291109919548035, 1.569887399673462, 1.2258374691009521]",0.43934818288649785,0.026118923,0.0012306572,17.449791,24.799711,0.0014968043,4.9623854e-05,False,0.22710950718094478,0.2433554960273545,"[np.float64(0.8239073405334476), np.float64(0.47455647451698363), np.float64(-0.617135293507597)]","[np.float64(0.8620433370039735), np.float64(0.2886802066737611), np.float64(-0.42065705559567107)]",-0.015258714569870255,-0.06294320821654982,-0.15531513061166802,0.12569743358456079,0.047684493646679565,0.06757748966580235,0.07785995377294448,-0.010282464107142134,"[{'dyn_color': 0.03145847470004667, 'coord_color': -0.00709668646351073, 'dyn_pos': -0.307422090646992, 'coord_pos': 0.504380476733038, 'dyn_identity': 0.07219132905902581, 'coord_identity': 0.07928733879994954}, {'dyn_color': -0.08067824976334588, 'coord_color': -0.03566515256795536, 'dyn_pos': -0.01201568207485737, 'coord_pos': -0.032465324151200514, 'dyn_identity': 0.044948751778367435, 'coord_identity': 0.04746232274624651}, {'dyn_color': 0.0034436313536884513, 'coord_color': -0.14606778561818337, 'dyn_pos': -0.14650761911315469, 'coord_pos': -0.09482285182815509, 'dyn_identity': 0.0855923881600138, 'coord_identity': 0.10683019977263741}]","{0: 0, 1: 1, 2: 2}",,2,"[{'step': 1638, 'ema_error': 0.04215525704395415, 'mean': np.float64(0.03157001765616851), 'std': np.float64(0.00235726373932293)}, {'step': 2383, 'ema_error': 0.04821777977561604, 'mean': np.float64(0.032858485600154946), 'std': np.float64(0.0035530081624730084)}]",9.249734878540039,0.04465566202998161,0.06062587723135948
A2 (sfa=1.0),42,2500,1,"[0.41709238290786743, 0.4324073791503906, 0.3921447992324829]",0.9998223863388943,0.038727447390556335,0.017963310703635216,2.1559192527112048,92.61277828119836,"[105.2253714424925, 108.85319353843838, 63.759769862664186]",0.24599615855801402,"[0.16707378680671883, 0.3487215444878335, 0.22219314437948964]","[0.41709238290786743, 0.4324073791503906, 0.3921447992324829]",0.9998223863388943,0.01290915,0.0059877704,4.622676,3934.056,0.0027925707,1.522035e-06,False,-0.12689399109796606,-0.23029226087273655,"[np.float64(-0.35947903189275054), np.float64(0.14630467644254105), np.float64(-0.16750761784368867)]","[np.float64(-0.20321800483858818), np.float64(0.020025011190510516), np.float64(-0.5076837889701319)]",-0.11886252604382624,0.07580584636336264,-0.1809105008035977,-0.03873231227831623,-0.19466837240718887,0.03183542446709257,0.1487164739267204,-0.11688104945962785,"[{'dyn_color': -0.136905245886608, 'coord_color': 0.009988994195384385, 'dyn_pos': -0.16454654272842983, 'coord_pos': -0.03853392992353344, 'dyn_identity': 0.021616198757696492, 'coord_identity': 0.04575996013611627}, {'dyn_color': -0.21521904940610015, 'coord_color': 0.20393666144303058, 'dyn_pos': -0.34056839550652196, 'coord_pos': -0.14068232266552894, 'dyn_identity': 0.034595194414886565, 'coord_identity': 0.351192243067743}, {'dyn_color': -0.004463282838770584, 'coord_color': 0.013491883451672959, 'dyn_pos': -0.03761656417584125, 'coord_pos': 0.06301931575411368, 'dyn_identity': 0.03929488022869465, 'coord_identity': 0.04919721857630199}]","{0: 1, 1: 0, 2: 2}",,0,[],17.194412231445312,0.05069760978221893,0.02480313926935196
A2 (sfa=1.0),123,2500,1,"[0.1037280485033989, 0.7226846814155579, 0.8018316030502319]",0.1841705948712863,0.0789489820599556,0.0004992680624127388,158.12944557338818,195.50940997332987,"[7.114492948002544, 412.5668141135042, 166.8469228584828]",0.5252172410061792,"[0.9518954837954702, 0.29609437920628134, 0.3276618600167863]","[0.1037280485033989, 0.7226846814155579, 0.8018316030502319]",0.1841705948712863,0.026316328,0.00016642267,8.682126,14.399603,0.0030310927,1.15574485e-05,False,0.27941606369615973,0.39080714870761685,"[np.float64(0.707736937375978), np.float64(0.309740869167464), np.float64(-0.17922961545496288)]","[np.float64(0.8314948438760181), np.float64(0.4762690332911018), np.float64(-0.13534243104426935)]",0.07792814712066803,0.0160048114015504,0.0887236798316368,0.14294315566303603,0.061923335719117636,0.11023224698135144,0.13232685861808582,-0.022094611636734388,"[{'dyn_color': 0.2574149957302411, 'coord_color': 0.09983370112407208, 'dyn_pos': 0.27731220722933514, 'coord_pos': 0.822041745341704, 'dyn_identity': 0.28535983154302946, 'coord_identity': 0.160707326277307}, {'dyn_color': -0.023598711792771693, 'coord_color': -0.059925899174515185, 'dyn_pos': -0.05888094893165441, 'coord_pos': -0.09056219487322648, 'dyn_identity': 0.040392985365681366, 'coord_identity': 0.12833725780075966}, {'dyn_color': -3.1842575465327684e-05, 'coord_color': 0.0081066322550943, 'dyn_pos': 0.04773978119722966, 'coord_pos': -0.3026500834793695, 'dyn_identity': 0.004943924035343494, 'coord_identity': 0.10793599177619084}]","{0: 0, 1: 1, 2: 2}",,1,"[{'step': 923, 'ema_error': 0.10919260842360445, 'mean': np.float64(0.04647320543990275), 'std': np.float64(0.015269081616261813)}]",1.4117430448532104,0.027540231123566628,0.09822871536016464
A2 (sfa=1.0),456,2500,0,"[0.7739917635917664, 0.8780233860015869, 0.6543387174606323]",0.17090358657031532,0.40324172377586365,0.001197019824758172,336.8713826610659,102.857691483365,"[36.068923427691, 201.10459168303416, 71.39955933936984]",0.3836635272085142,"[0.6716855306457798, 0.15952574320044863, 0.3197793077793141]","[0.7739917635917664, 0.8780233860015869, 0.6543387174606323]",0.17090358657031532,0.13441391,0.00039900662,23.392746,16.512405,0.0057459655,2.4164052e-05,False,0.2784478566420783,0.3419354897561076,"[np.float64(0.7723541328603143), np.float64(0.12374029728548663), np.float64(-0.06075086021956606)]","[np.float64(0.9259225029714263), np.float64(0.17649772645332154), np.float64(-0.07661376015642489)]",-0.2800723957977473,-0.5902662209952702,-0.011500545178840063,0.21980382215880437,0.31019382519752287,0.007394526590752866,0.03425414286132925,-0.026859616270576387,"[{'dyn_color': -0.014943976572645975, 'coord_color': -0.4411912757057723, 'dyn_pos': -0.03398251567866084, 'coord_pos': 0.6738396495356731, 'dyn_identity': 0.005888998556061509, 'coord_identity': 0.09338699580192977}, {'dyn_color': -0.29882815434566457, 'coord_color': -0.7650785289068777, 'dyn_pos': 0.01732347952921076, 'coord_pos': 0.04508775704078338, 'dyn_identity': 0.010738059011464629, 'coord_identity': 0.006027581329332232}, {'dyn_color': -0.5264450564749313, 'coord_color': -0.5645288583731602, 'dyn_pos': -0.017842599387070113, 'coord_pos': -0.05951594010004335, 'dyn_identity': 0.005556522204732461, 'coord_identity': 0.0033478514527257586}]","{0: 0, 1: 1, 2: 2}",,1,"[{'step': 947, 'ema_error': 0.09506407393716533, 'mean': np.float64(0.04103667272031567), 'std': np.float64(0.013082415001128365)}]",3.272188901901245,0.06925667822360992,0.17122626304626465
A2 (sfa=1.0),789,2500,0,"[0.8417943120002747, 0.8595471382141113, 0.6754829287528992]",0.16503075192141234,0.2654314339160919,0.0034570356365293264,76.78006874866654,125.40350454807312,"[103.97872956937556, 167.24326878621576, 104.98851528862804]",0.3151323966600775,"[0.7195744373053957, 0.09803168578203383, 0.1277910668928028]","[0.8417943120002747, 0.8595471382141113, 0.6754829287528992]",0.16503075192141234,0.08847714,0.0011523452,4.9927573,17.239925,0.017721098,6.684166e-05,False,0.18816143358222978,0.2049425731268454,"[np.float64(0.8051117975964106), np.float64(0.04908894240833984), np.float64(-0.2897164392580611)]","[np.float64(0.8829648182105194), np.float64(-0.07959757669007538), np.float64(-0.1885395221399077)]",-0.13746343572713127,-0.1748167015781237,-0.049557376212753544,0.22112542744336575,0.03735326585099244,0.029338695941927766,0.0334670271236636,-0.00412833118173583,"[{'dyn_color': -0.05326077002476256, 'coord_color': -0.09651880658269889, 'dyn_pos': 0.13383241797820622, 'coord_pos': 0.5232668045238236, 'dyn_identity': 0.0364905654928116, 'coord_identity': 0.04181444331747397}, {'dyn_color': -0.09606113495473075, 'coord_color': -0.2972211077272959, 'dyn_pos': 0.018164829104656555, 'coord_pos': 0.00045404728509956804, 'dyn_identity': 0.008964825965749768, 'coord_identity': 0.0076775570367499935}, {'dyn_color': -0.2630684022019005, 'coord_color': -0.13071019042437634, 'dyn_pos': -0.3006693757211234, 'coord_pos': 0.13965543052117413, 'dyn_identity': 0.04256069636722193, 'coord_identity': 0.05090908101676683}]","{0: 0, 1: 1, 2: 2}",,0,[],0.5546175241470337,0.012536944821476936,0.041417885571718216
A2 (sfa=1.0),999,2500,0,"[1.5414197444915771, 1.4859881401062012, 1.2961136102676392]",0.21104037729110195,0.18286274373531342,0.005647976417094469,32.37668329305953,105.23957770438221,"[33.56302510452069, 93.43060815282826, 188.72509985579768]",0.49969337442304673,"[0.8382656701274245, 0.3817425734092851, 0.2790718797324308]","[1.5414197444915771, 1.4859881401062012, 1.2961136102676392]",0.21104037729110195,0.06095425,0.0018826586,18.438173,26.448584,0.0033058724,7.118183e-05,False,0.22295398350299522,0.253624473589474,"[np.float64(0.8141613901942855), np.float64(0.46119322351773473), np.float64(-0.6064926632030345)]","[np.float64(0.8447050004919122), np.float64(0.3264851871584647), np.float64(-0.41031676688195506)]",-0.03656424925333146,-0.06933810225563536,-0.07101285564452782,0.06343456311398436,0.0327738530023039,0.043167898726640806,0.07404191504864284,-0.030874016322002033,"[{'dyn_color': -0.030450548705715175, 'coord_color': -0.035491518982636396, 'dyn_pos': -0.04816349247307139, 'coord_pos': 0.4539324829927335, 'dyn_identity': 0.00563359127056573, 'coord_identity': 0.08396198334658889}, {'dyn_color': -0.0740521009806634, 'coord_color': -0.05467395648837888, 'dyn_pos': 5.350596400388596e-06, 'coord_pos': -0.05684446218291361, 'dyn_identity': 0.042671398304159225, 'coord_identity': 0.048855883790886456}, {'dyn_color': -0.005190098073615812, 'coord_color': -0.11784883129589081, 'dyn_pos': -0.16488042505691247, 'coord_pos': -0.2067843314678668, 'dyn_identity': 0.08119870660519746, 'coord_identity': 0.08930787800845319}]","{0: 0, 1: 1, 2: 2}",,0,[],3.998384475708008,0.05719183757901192,0.0990416407585144
A3 (sfa=5.0),42,2500,1,"[0.38851413130760193, 0.6816538572311401, 0.8446828126907349]",0.5009915092241533,0.1063288003206253,0.020196111872792244,5.264815375607238,97.191021737928,"[107.50672011485298, 117.15327898535502, 66.913066113576]",0.10802044090096474,"[0.08325777204719587, 0.23479044230385374, 0.006013108351844647]","[0.38851413130760193, 0.6816538572311401, 0.8446828126907349]",0.5009915092241533,0.035442933,0.006732038,9.5122595,3888.8486,0.0037260267,1.7311135e-06,False,-0.054600339420344285,-0.154558758649258,"[np.float64(-0.4503453018722639), np.float64(0.1729277336983702), np.float64(0.11361654991286088)]","[np.float64(-0.2777330611007052), np.float64(0.05538304371867264), np.float64(-0.2413262585657414)]",-0.11420214631984639,0.08548722131497617,-0.2285408812519638,-0.2029019118820182,-0.19968936763482256,0.025894134166685956,0.1487206395089575,-0.12282650534227155,"[{'dyn_color': -0.0964000194680495, 'coord_color': 0.03125868686409453, 'dyn_pos': -0.21513370462447057, 'coord_pos': -0.27935891697321846, 'dyn_identity': 0.013099435503444279, 'coord_identity': 0.09793985563394159}, {'dyn_color': -0.16752731919740885, 'coord_color': 0.20512406265662753, 'dyn_pos': -0.24630338742801783, 'coord_pos': -0.18537982658686958, 'dyn_identity': 0.052363729326893815, 'coord_identity': 0.30847502506680413}, {'dyn_color': -0.07867910029408083, 'coord_color': 0.02007891442420647, 'dyn_pos': -0.22418555170340304, 'coord_pos': -0.14396699208596653, 'dyn_identity': 0.012219237669719774, 'coord_identity': 0.03974703782612676}]","{0: 1, 1: 0, 2: 2}",,1,"[{'step': 2431, 'ema_error': 0.12311762105137966, 'mean': np.float64(0.07967362686824665), 'std': np.float64(0.009799202478997949)}]",21.109909057617188,0.4666033089160919,0.07845531404018402
A3 (sfa=5.0),123,2500,1,"[0.1086726039648056, 0.7384782433509827, 0.8306574821472168]",0.308880947992141,0.08188173919916153,0.0004926330875605345,166.21242279607847,195.7512750887528,"[7.05634222738777, 413.0266814714009, 167.17080156746982]",0.5238919521232991,"[0.9522964862243938, 0.29437258979462905, 0.32500678035087455]","[0.1086726039648056, 0.7384782433509827, 0.8306574821472168]",0.308880947992141,0.027293913,0.00016421101,8.398047,14.309906,0.0032500308,1.1475338e-05,False,0.28620443249700384,0.3947957561427354,"[np.float64(0.7137365815691799), np.float64(0.3141079851137009), np.float64(-0.16923126919186943)]","[np.float64(0.8363579398928689), np.float64(0.47775936541678055), np.float64(-0.1297300368814433)]",0.0763336117354013,0.017999531057426993,0.06750009833028599,0.14419244427950004,0.05833408067797431,0.11138043267167597,0.13210603682182318,-0.02072560415014721,"[{'dyn_color': 0.25546351145501317, 'coord_color': 0.10454527528059161, 'dyn_pos': 0.22910454936859137, 'coord_pos': 0.8216525952618501, 'dyn_identity': 0.2872820183538065, 'coord_identity': 0.16246987848873284}, {'dyn_color': -0.024663297833779813, 'coord_color': -0.05646047145323559, 'dyn_pos': -0.05489613225992551, 'coord_pos': -0.0911564507515461, 'dyn_identity': 0.039647410932636906, 'coord_identity': 0.12769041266336667}, {'dyn_color': -0.001799378415029455, 'coord_color': 0.005913789344924962, 'dyn_pos': 0.028291877882192118, 'coord_pos': -0.2979188116718039, 'dyn_identity': 0.007211868728584481, 'coord_identity': 0.10615781931336998}]","{0: 0, 1: 1, 2: 2}",,1,"[{'step': 920, 'ema_error': 0.11720544225927841, 'mean': np.float64(0.05537498606196951), 'std': np.float64(0.015246298081136837)}]",1.9128780364990234,0.030937625095248222,0.09585686773061752
A3 (sfa=5.0),456,2500,0,"[1.0888557434082031, 0.9182785749435425, 0.774777352809906]",0.12647439727319906,0.2970786690711975,0.0023282808251678944,127.59572029812134,104.92244405397264,"[39.74148575637134, 202.52622636229793, 72.49962004324868]",0.35410331709612536,"[0.6287114870256139, 0.13623223964201434, 0.2973662246207478]","[1.0888557434082031, 0.9182785749435425, 0.774777352809906]",0.12647439727319906,0.09902621,0.0007760936,26.472488,17.9635,0.0037407216,4.3203923e-05,False,0.2622962678182769,0.3316957389335743,"[np.float64(0.7920482517531865), np.float64(0.1255838967977104), np.float64(-0.13074334509606622)]","[np.float64(0.9348300304756437), np.float64(0.16177968410466145), np.float64(-0.10152249777958222)]",-0.30742001168397554,-0.6063586430001694,0.04905212333488751,0.2323995344622584,0.29893863131619386,0.015491579478373022,0.030576383541616736,-0.015084804063243714,"[{'dyn_color': -0.13787501039044728, 'coord_color': -0.4683272653573188, 'dyn_pos': 0.13982751979315788, 'coord_pos': 0.7407299515573184, 'dyn_identity': 0.023920290016595014, 'coord_identity': 0.08364079840991534}, {'dyn_color': -0.21416595353412962, 'coord_color': -0.7408980613901991, 'dyn_pos': 0.04314726481552522, 'coord_pos': 0.029017995856756573, 'dyn_identity': 0.017619108590624544, 'coord_identity': 0.00464156836366536}, {'dyn_color': -0.5702190711273496, 'coord_color': -0.6098506022529905, 'dyn_pos': -0.035818414604020576, 'coord_pos': -0.07254934402729973, 'dyn_identity': 0.00493533982789951, 'coord_identity': 0.003446783851269508}]","{0: 0, 1: 1, 2: 2}",,1,"[{'step': 939, 'ema_error': 0.09767966512147123, 'mean': np.float64(0.045991157694918676), 'std': np.float64(0.012515869723238088)}]",2.3393361568450928,0.029252897948026657,0.08089425414800644
A3 (sfa=5.0),789,2500,0,"[0.8226901292800903, 0.8967446088790894, 0.6591596603393555]",0.15521195751919098,0.2668769955635071,0.0032817760948091745,81.32090300258716,126.09670147268191,"[106.0992721596456, 167.1602200511685, 105.03061220723168]",0.3131521895146245,"[0.7127083074305729, 0.10050973648958288, 0.12623852462371768]","[0.8226901292800903, 0.8967446088790894, 0.6591596603393555]",0.15521195751919098,0.088959,0.0010939252,4.59705,17.093348,0.019351322,6.399713e-05,False,0.18833496337551484,0.20358818700359657,"[np.float64(0.8012149157197356), np.float64(0.05568106479978911), np.float64(-0.29189109039298006)]","[np.float64(0.8804008467190445), np.float64(-0.0796341359359376), np.float64(-0.19000214977231725)]",-0.1384138250166516,-0.17301171949953628,-0.05428200816477047,0.21743563050771395,0.034597894482884695,0.02813900137229271,0.03392000482270807,-0.005781003450415361,"[{'dyn_color': -0.04861991892736558, 'coord_color': -0.09555880873815044, 'dyn_pos': 0.13082830798772294, 'coord_pos': 0.5061873299479311, 'dyn_identity': 0.03828194243702976, 'coord_identity': 0.04281826150815282}, {'dyn_color': -0.10194302964494668, 'coord_color': -0.29203970236043625, 'dyn_pos': 0.02150603680424501, 'coord_pos': 0.0015794758983190826, 'dyn_identity': 0.006155506060761762, 'coord_identity': 0.007958970805147847}, {'dyn_color': -0.2646785264776425, 'coord_color': -0.13143664740002214, 'dyn_pos': -0.31518036928627935, 'coord_pos': 0.14454008567689158, 'dyn_identity': 0.039979555619086615, 'coord_identity': 0.05098278215482355}]","{0: 0, 1: 1, 2: 2}",,0,[],0.8971765637397766,0.010533837601542473,0.04041152819991112
A3 (sfa=5.0),999,2500,0,"[1.353387475013733, 1.2734687328338623, 1.2298845052719116]",0.23383421357023018,0.12601880729198456,0.002617372665554285,48.14706323722927,101.18222479922395,"[27.323383882193795, 90.77749173015641, 185.44579878532164]",0.5297803062337273,"[0.870610027866781, 0.41229342550913944, 0.30643746532526145]","[1.353387475013733, 1.2734687328338623, 1.2298845052719116]",0.23383421357023018,0.04200627,0.00087245746,13.28147,22.965967,0.0031627724,3.7989146e-05,False,0.239000246995504,0.2520301308861696,"[np.float64(0.8436941036726499), np.float64(0.48672915588633187), np.float64(-0.6134225185724698)]","[np.float64(0.8703871946911806), np.float64(0.31664816407853896), np.float64(-0.43094496611121086)]",-0.03907564473569088,-0.06544226477919361,-0.06485821688278848,0.12173310899153718,0.02636662004350273,0.0491359975477628,0.07554191200366338,-0.026405914455900577,"[{'dyn_color': -0.03258643026592367, 'coord_color': -0.021166069578504903, 'dyn_pos': -0.07176459697684612, 'coord_pos': 0.5113291131538876, 'dyn_identity': 0.006463624932891765, 'coord_identity': 0.0755205256452709}, {'dyn_color': -0.09184797857831639, 'coord_color': -0.04646083373344908, 'dyn_pos': -0.003458591235082853, 'coord_pos': -0.01938722570760132, 'dyn_identity': 0.051102721145291685, 'coord_identity': 0.04628429969534931}, {'dyn_color': 0.007207474637167421, 'coord_color': -0.12869989102562687, 'dyn_pos': -0.11935146243643646, 'coord_pos': -0.12674256047167476, 'dyn_identity': 0.08984164656510496, 'coord_identity': 0.10482091067036992}]","{0: 0, 1: 1, 2: 2}",,1,"[{'step': 1516, 'ema_error': 0.04795325406844947, 'mean': np.float64(0.033807232337100104), 'std': np.float64(0.003317336376407667)}]",4.066431522369385,0.032068852335214615,0.08638900518417358
A4 (sfa=10.0),42,2500,1,"[0.33319875597953796, 0.6031844019889832, 0.3362562954425812]",0.9993624685933359,0.03872307017445564,0.012876886874437332,3.0071763889080922,90.7514394263168,"[105.21182149569587, 116.0062198342057, 51.036276949048855]",0.3036678248310423,"[0.16744778498580315, 0.2527304168926611, 0.4908252726146628]","[0.33319875597953796, 0.6031844019889832, 0.3362562954425812]",0.9993624685933359,0.012907691,0.004292296,0.97229004,3895.0305,0.013275556,1.1019929e-06,False,-0.05350401091214333,-0.09973404076538833,"[np.float64(-0.46995446914770195), np.float64(0.16033598917544098), np.float64(0.149106447235831)]","[np.float64(-0.30691694426441), np.float64(0.16686691542908258), np.float64(-0.15915209346083756)]",-0.17585761274979772,0.08972476329640454,-0.40693482828325317,-0.2758322533049646,-0.2655823760462023,0.03836421199464176,0.152627386802203,-0.11426317480756124,"[{'dyn_color': -0.16094105285114713, 'coord_color': -0.0160134814799802, 'dyn_pos': -0.5590772162564082, 'coord_pos': -0.507033856965458, 'dyn_identity': 0.018514572996690015, 'coord_identity': 0.05896316413183489}, {'dyn_color': -0.395038719853464, 'coord_color': 0.24582621321109568, 'dyn_pos': -0.5032783729431278, 'coord_pos': -0.08526285525756205, 'dyn_identity': 0.022660574695343105, 'coord_identity': 0.3487090816589473}, {'dyn_color': 0.028406934455218063, 'coord_color': 0.03936155815809813, 'dyn_pos': -0.15844889565022346, 'coord_pos': -0.23520004769187364, 'dyn_identity': 0.07391748829189215, 'coord_identity': 0.0502099146158268}]","{0: 1, 1: 0, 2: 2}",,0,[],17.202516555786133,0.047663480043411255,0.026347531005740166
A4 (sfa=10.0),123,2500,1,"[0.12714576721191406, 0.7312270998954773, 0.7319591045379639]",0.4396127361500139,0.07097964733839035,0.0005396322230808437,131.53337434451785,196.38426795749612,"[7.072292373258742, 414.9609146647081, 167.1195968345215]",0.5215445541799154,"[0.9521879514396403, 0.2870152624861997, 0.32543044861390635]","[0.12714576721191406, 0.7312270998954773, 0.7319591045379639]",0.4396127361500139,0.023659883,0.00017987739,8.529294,14.428515,0.0027739557,1.2466798e-05,False,0.2814880902730868,0.3901770251829117,"[np.float64(0.7120029058711004), np.float64(0.31248824314099677), np.float64(-0.18002687819283678)]","[np.float64(0.8286827323476093), np.float64(0.46795543398732486), np.float64(-0.12610709078619897)]",0.07672431671409495,0.014817173685017596,0.056916156186971066,0.15103618449602282,0.061907143029077356,0.11263444983678006,0.1312108019405209,-0.01857635210374084,"[{'dyn_color': 0.2590267628516743, 'coord_color': 0.0935102291924933, 'dyn_pos': 0.20310011227292468, 'coord_pos': 0.8181946374554948, 'dyn_identity': 0.29197727326677925, 'coord_identity': 0.15799138422190973}, {'dyn_color': -0.021899485356607757, 'coord_color': -0.05630825427865701, 'dyn_pos': -0.06107544633588535, 'coord_pos': -0.08459379741109463, 'dyn_identity': 0.039567611437347994, 'coord_identity': 0.12767334398394592}, {'dyn_color': -0.006954327352781675, 'coord_color': 0.007249546141216497, 'dyn_pos': 0.028723802623873862, 'coord_pos': -0.28049228655633174, 'dyn_identity': 0.006358464806212938, 'coord_identity': 0.10796767761570703}]","{0: 0, 1: 1, 2: 2}",,1,"[{'step': 910, 'ema_error': 0.11765355513595686, 'mean': np.float64(0.05472666710058267), 'std': np.float64(0.01506491765066593)}]",2.6425015926361084,0.02876301482319832,0.08807038515806198
A4 (sfa=10.0),456,2500,0,"[0.866601288318634, 0.8376379013061523, 0.5352808833122253]",0.15815325571255792,0.21254129707813263,0.002664896659553051,79.75592458209,106.26096846667042,"[43.49380906948477, 200.9956781484621, 74.29341818206439]",0.3331205757100877,"[0.5815338019125421, 0.16117152764923412, 0.25665639756848674]","[0.866601288318634, 0.8376379013061523, 0.5352808833122253]",0.15815325571255792,0.07084711,0.0008882989,14.760612,17.987413,0.004799741,4.938447e-05,False,0.2247100335969258,0.31616169177181125,"[np.float64(0.6990632069898206), np.float64(0.16633864269693824), np.float64(-0.19127174889598145)]","[np.float64(0.9066745321623029), np.float64(0.23285438348582985), np.float64(-0.1910438403326991)]",-0.2763526050133785,-0.5507288050612893,0.11403035771371928,0.23051423195630927,0.2743762000479108,0.016768511321743545,0.03821200453449913,-0.02144349321275559,"[{'dyn_color': -0.08311301297526008, 'coord_color': -0.433766496058371, 'dyn_pos': 0.3374762765069832, 'coord_pos': 0.7101804624615613, 'dyn_identity': 0.03325960632310021, 'coord_identity': 0.10336999080259623}, {'dyn_color': -0.09634159786104095, 'coord_color': -0.6266470786077155, 'dyn_pos': 0.020579357166722434, 'coord_pos': 0.0077971795395389565, 'dyn_identity': 0.011071126287584332, 'coord_identity': 0.008485612036071677}, {'dyn_color': -0.6496032042038345, 'coord_color': -0.5917728405177813, 'dyn_pos': -0.0159645605325478, 'coord_pos': -0.026434946132172454, 'dyn_identity': 0.005974801354546089, 'coord_identity': 0.0027804107648294885}]","{0: 0, 1: 1, 2: 2}",,1,"[{'step': 848, 'ema_error': 0.19592581469056108, 'mean': np.float64(0.06855859397653986), 'std': np.float64(0.03140697196135097)}]",3.1573739051818848,0.03895748779177666,0.07886194437742233
A4 (sfa=10.0),789,2500,0,"[0.7725980281829834, 0.9234580993652344, 0.6873512268066406]",0.14538898555098412,0.268704354763031,0.003997781313955784,67.21337001546391,127.90197049450849,"[110.70112644052365, 167.91226044895367, 105.09252459404811]",0.29888404814564545,"[0.6975755467225306, 0.07515701063472544, 0.12391958707968018]","[0.7725980281829834, 0.9234580993652344, 0.6873512268066406]",0.14538898555098412,0.08956812,0.0013325936,5.173122,17.644392,0.017314134,7.552505e-05,False,0.175480198377006,0.19980715975746108,"[np.float64(0.7947262869139934), np.float64(0.04880753404705758), np.float64(-0.3170932258300329)]","[np.float64(0.872943668223727), np.float64(-0.0900962865758871), np.float64(-0.18342590237545672)]",-0.11114120227675657,-0.17722983969766645,-0.04782082048090238,0.2285903563577967,0.06608863742090988,0.031788676399123306,0.033567822540082726,-0.00177914614095942,"[{'dyn_color': -0.021710502383048797, 'coord_color': -0.1125017220637834, 'dyn_pos': 0.09641695609677803, 'coord_pos': 0.5388585485741562, 'dyn_identity': 0.05150167403688388, 'coord_identity': 0.039148069604486024}, {'dyn_color': -0.08471765234491165, 'coord_color': -0.3005164887300882, 'dyn_pos': 0.02481750533321958, 'coord_pos': -0.0007654117126036919, 'dyn_identity': 0.00409613103344908, 'coord_identity': 0.008410083812830704}, {'dyn_color': -0.2269954521023093, 'coord_color': -0.11867130829912775, 'dyn_pos': -0.26469692287270474, 'coord_pos': 0.14767793221183767, 'dyn_identity': 0.039768224127036955, 'coord_identity': 0.05314531420293145}]","{0: 0, 1: 1, 2: 2}",,0,[],1.6692640781402588,0.013713214546442032,0.04256363585591316
A4 (sfa=10.0),999,2500,0,"[1.2270516157150269, 1.2469912767410278, 1.3422470092773438]",0.2293272428189157,0.12266844511032104,0.003925570286810398,31.24856673468021,100.38199561006286,"[29.646825320407334, 90.69940434771298, 180.79975716206823]",0.5377803547024361,"[0.858708406455675, 0.41315838852785053, 0.34147426912378265]","[1.2270516157150269, 1.2469912767410278, 1.3422470092773438]",0.2293272428189157,0.040889483,0.0013085234,12.678546,23.36361,0.0032250925,5.6006902e-05,False,0.23914848436813876,0.2623496834535067,"[np.float64(0.8308865831992616), np.float64(0.48103199657527745), np.float64(-0.5944731266701226)]","[np.float64(0.8725317639408273), np.float64(0.33393554930997105), np.float64(-0.4194182628902782)]",-0.026197480853935067,-0.06900187355315307,-0.08993355271923849,0.12579705935540528,0.042804392699218,0.05091076502467814,0.07386722280801221,-0.02295645778333407,"[{'dyn_color': 5.6964566961026364e-05, 'coord_color': -0.0063041633926714065, 'dyn_pos': -0.20081694318983656, 'coord_pos': 0.5562491583189739, 'dyn_identity': 0.010825217217400485, 'coord_identity': 0.0731461915606697}, {'dyn_color': -0.09605322753193457, 'coord_color': -0.043970151167757966, 'dyn_pos': -0.012439549246073822, 'coord_pos': -0.004184919647944874, 'dyn_identity': 0.04961658076100017, 'coord_identity': 0.04302216731852082}, {'dyn_color': 0.017403820403168346, 'coord_color': -0.15673130609902983, 'dyn_pos': -0.056544165721805095, 'coord_pos': -0.17467306060481325, 'dyn_identity': 0.09229049709563375, 'coord_identity': 0.10543330954484609}]","{0: 0, 1: 1, 2: 2}",,1,"[{'step': 1638, 'ema_error': 0.03680868730128017, 'mean': np.float64(0.025917265134123714), 'std': np.float64(0.00264165752524872)}]",4.629634857177734,0.04340575262904167,0.08494506031274796
A5 (sfa=25.0 fixed),42,2500,1,"[0.42159438133239746, 0.5509799718856812, 0.9538567066192627]",0.4167323705178772,0.10976066440343857,0.026530800387263298,4.137103396699427,81.60114994356015,"[107.49211742244043, 72.18216495963811, 65.1291674486019]",0.2963152349926271,"[0.08349309441667059, 0.6461556459318836, 0.15929696462932694]","[0.42159438133239746, 0.5509799718856812, 0.9538567066192627]",0.4167323705178772,0.036586888,0.0088436,5.8330936,3917.6516,0.0062722955,2.2573727e-06,False,0.0015073713351851127,-0.0370127004305545,"[np.float64(-0.32563696042148327), np.float64(0.3113397225063327), np.float64(0.018819351920705923)]","[np.float64(-0.08802320133593419), np.float64(0.17065582199864976), np.float64(-0.19367072195437907)]",-0.12533542800641237,0.07489846148478815,-0.08829571680363098,-0.034300327557375075,-0.20023388949120052,0.030246014694416384,0.15395391285788865,-0.12370789816347226,"[{'dyn_color': -0.17131450913096855, 'coord_color': 0.013263875560424188, 'dyn_pos': -0.18630243765451926, 'coord_pos': -0.06263304027928185, 'dyn_identity': 0.00794216003359427, 'coord_identity': 0.048499690319491195}, {'dyn_color': -0.09210983894871694, 'coord_color': 0.25167150333848093, 'dyn_pos': -0.05256236760797539, 'coord_pos': -0.0021794764397089494, 'dyn_identity': 0.05794912385988793, 'coord_identity': 0.35457686586566384}, {'dyn_color': -0.11258193593955161, 'coord_color': -0.04023999444454066, 'dyn_pos': -0.026022345148398296, 'coord_pos': -0.03808846595313442, 'dyn_identity': 0.024846760189766948, 'coord_identity': 0.05878518238851094}]","{0: 1, 1: 0, 2: 2}",,1,"[{'step': 1983, 'ema_error': 0.18948574027093154, 'mean': np.float64(0.11065436988321452), 'std': np.float64(0.017897378682722436)}]",20.47768783569336,0.35320961475372314,0.08157002925872803
A5 (sfa=25.0 fixed),123,2500,1,"[0.12623855471611023, 0.7481034398078918, 0.5806117653846741]",0.4388166898168793,0.055334512144327164,0.0003508282534312457,157.72535833533175,195.146744352818,"[7.3165445855837286, 413.4814914651512, 164.642197007719]",0.5294477276710984,"[0.9504920771409533, 0.2926590689133693, 0.3451920369589725]","[0.12623855471611023, 0.7481034398078918, 0.5806117653846741]",0.4388166898168793,0.018444838,0.000116942756,9.246563,14.069937,0.0019947777,8.311534e-06,False,0.2903462380774913,0.3834110099103225,"[np.float64(0.7339497267807124), np.float64(0.32589089358287504), np.float64(-0.1888019061311136)]","[np.float64(0.8257747495861247), np.float64(0.4562776355544338), np.float64(-0.1318193554095911)]",0.0824719015444594,0.019965684111294787,0.008939878944076293,0.13897633993663563,0.0625062174331646,0.12002940191135685,0.14198053113769238,-0.021951129226335533,"[{'dyn_color': 0.2843528861825901, 'coord_color': 0.10468553161182785, 'dyn_pos': 0.16147067276474503, 'coord_pos': 0.8029718748004484, 'dyn_identity': 0.31841315269602455, 'coord_identity': 0.1705416878657665}, {'dyn_color': -0.013549209716829083, 'coord_color': -0.05833959190663266, 'dyn_pos': -0.07808712882300228, 'coord_pos': -0.08763995681591452, 'dyn_identity': 0.030065075993803037, 'coord_identity': 0.13523925535952497}, {'dyn_color': -0.0233879718323828, 'coord_color': 0.013551112628689169, 'dyn_pos': -0.05656390710951387, 'coord_pos': -0.29840289817462695, 'dyn_identity': 0.011609977044242936, 'coord_identity': 0.12016065018778566}]","{0: 0, 1: 1, 2: 2}",,1,"[{'step': 1105, 'ema_error': 0.1923822867159286, 'mean': np.float64(0.07334253648982685), 'std': np.float64(0.028997848650952444)}]",2.7564871311187744,0.01908443123102188,0.05183546617627144
A5 (sfa=25.0 fixed),456,2500,1,"[0.8809285163879395, 0.8934690356254578, 0.4730924367904663]",0.17779629874365566,0.16771425306797028,0.0023595327511429787,71.07943422936111,105.74902258703855,"[49.39746177297587, 194.01559034612538, 73.83401564201444]",0.3368546245115698,"[0.49834627853172847, 0.24454399046555247, 0.26767360453742844]","[0.8809285163879395, 0.8934690356254578, 0.4730924367904663]",0.17779629874365566,0.055904754,0.00078651094,13.661979,18.493706,0.0040919953,4.2528573e-05,False,0.20601760436643124,0.3065000657995351,"[np.float64(0.676822108939537), np.float64(0.1482144456988044), np.float64(-0.20698374153904758)]","[np.float64(0.88917945677637), np.float64(0.24552853523995177), np.float64(-0.21520779461771633)]",-0.2830084884588338,-0.5452785662751669,0.14789466076253097,0.22702699091486933,0.2622700778163331,0.01626003328470549,0.04840607073352158,-0.03214603744881609,"[{'dyn_color': -0.1371076748034993, 'coord_color': -0.42218627267859676, 'dyn_pos': 0.4390102547596527, 'coord_pos': 0.6985614778621793, 'dyn_identity': 0.035468185984503964, 'coord_identity': 0.12529645190884886}, {'dyn_color': -0.052434223110964906, 'coord_color': -0.6220367375302981, 'dyn_pos': 0.010031173168573493, 'coord_pos': 0.0032779790974575285, 'dyn_identity': 0.007000356007157427, 'coord_identity': 0.015058590884446166}, {'dyn_color': -0.6594835674620373, 'coord_color': -0.5916126886166061, 'dyn_pos': -0.00535744564063334, 'coord_pos': -0.020758484215028794, 'dyn_identity': 0.006311557862455075, 'coord_identity': 0.0048631694072697185}]","{0: 0, 1: 1, 2: 2}",,1,"[{'step': 816, 'ema_error': 0.3780879393302389, 'mean': np.float64(0.08545381552990397), 'std': np.float64(0.07126527930809361)}]",3.395028829574585,0.03281111642718315,0.05757647752761841
A5 (sfa=25.0 fixed),789,2500,0,"[0.7428775429725647, 0.8754284381866455, 0.6796892881393433]",0.11921780447653696,0.24770233035087585,0.004477165639400482,55.325701625977565,127.4913623340405,"[109.13763581602832, 168.1745867750947, 105.16186441099846]",0.2960056361663397,"[0.7027534301355449, 0.06399307004902134, 0.12127040831445285]","[0.7428775429725647, 0.8754284381866455, 0.6796892881393433]",0.11921780447653696,0.08256744,0.0014923884,4.950761,17.700216,0.016677728,8.43147e-05,False,0.1762342698020339,0.20177658205767937,"[np.float64(0.7943117210047836), np.float64(0.04685806287849644), np.float64(-0.3124669744771784)]","[np.float64(0.87363452496844), np.float64(-0.08960206441831992), np.float64(-0.17870271437708196)]",-0.0934287931208329,-0.1838477094464438,-0.02805156436999397,0.22813607897330615,0.0904189163256109,0.037020419943769145,0.03356110338049734,0.003459316563271808,"[{'dyn_color': -0.0006060018528261102, 'coord_color': -0.1151866066235756, 'dyn_pos': 0.0909613780273022, 'coord_pos': 0.5455753386126354, 'dyn_identity': 0.0668878636925242, 'coord_identity': 0.039138604352523476}, {'dyn_color': -0.07811685210513086, 'coord_color': -0.3173978828397106, 'dyn_pos': 0.02329615788122763, 'coord_pos': -0.004700675712847824, 'dyn_identity': 0.002960221264643903, 'coord_identity': 0.008691734209074431}, {'dyn_color': -0.20156352540454173, 'coord_color': -0.11895863887604519, 'dyn_pos': -0.19841222901851174, 'coord_pos': 0.1435335740201309, 'dyn_identity': 0.041213174874139336, 'coord_identity': 0.052852971579894104}]","{0: 0, 1: 1, 2: 2}",,0,[],2.0490965843200684,0.013488875702023506,0.0396430529654026
A5 (sfa=25.0 fixed),999,2500,0,"[1.2227563858032227, 1.1023622751235962, 1.9527478218078613]",0.18883474780977946,0.1717187911272049,0.008063890971243382,21.294780859299312,103.49066936824569,"[29.352562327730837, 92.0129537650245, 189.10649201198174]",0.5114321179160554,"[0.8602248489962189, 0.39835858043403083, 0.27571292431791644]","[1.2227563858032227, 1.1023622751235962, 1.9527478218078613]",0.18883474780977946,0.057239603,0.002687964,26.2482,25.707073,0.0021807058,0.00010456126,False,0.22669918956726268,0.2537504818477438,"[np.float64(0.8300709588392182), np.float64(0.45449366340457287), np.float64(-0.6044670535420031)]","[np.float64(0.8603956275318417), np.float64(0.319172988070029), np.float64(-0.41831717005863944)]",-0.01458842826794872,-0.06172338708636698,-0.02959365217188707,0.031429948119737684,0.04713495881841826,0.032566249872640674,0.074486377657213,-0.041920127784572325,"[{'dyn_color': -0.022627344168924868, 'coord_color': -0.04049761154302826, 'dyn_pos': 0.4502448488087418, 'coord_pos': 0.42788553851575095, 'dyn_identity': 0.009504558929464557, 'coord_identity': 0.08524026160069043}, {'dyn_color': -0.04280644699419841, 'coord_color': -0.04144167165478522, 'dyn_pos': -0.16799974320478817, 'coord_pos': -0.0690216321618704, 'dyn_identity': 0.028141060982085575, 'coord_identity': 0.04849737929328091}, {'dyn_color': 0.021668506359277123, 'coord_color': -0.10323087806128746, 'dyn_pos': -0.37102606211961486, 'coord_pos': -0.2645740619946675, 'dyn_identity': 0.06005312970637189, 'coord_identity': 0.08972149207766766}]","{0: 0, 1: 1, 2: 2}",,1,"[{'step': 1303, 'ema_error': 0.06878166706233191, 'mean': np.float64(0.045671041033535136), 'std': np.float64(0.005382877469389611)}]",5.303903579711914,0.04144945740699768,0.09291741251945496
A6 (sfa=25.0 ramp),42,2500,1,"[0.38410019874572754, 0.41726091504096985, 0.39716362953186035]",0.9981952630602696,0.03589039295911789,0.03105590119957924,1.1556706317203405,86.26206445028852,"[101.50706345873965, 98.14899240604153, 59.130137486084394]",0.34848178350705633,"[0.24953410442821153, 0.45612355001479765, 0.3397876960781598]","[0.38410019874572754, 0.41726091504096985, 0.39716362953186035]",0.9981952630602696,0.011963465,0.010351966,23.82504,3892.8384,0.0005021383,2.6592336e-06,False,-0.1901972953766806,-0.25722486801232036,"[np.float64(-0.3423866421764826), np.float64(0.07809408138106858), np.float64(-0.30629932533462767)]","[np.float64(-0.19257337574323252), np.float64(0.01176855176568678), np.float64(-0.5908697800594154)]",-0.2031012114529388,0.0572642067554394,-0.8264451319065779,0.048680957008560344,-0.2603654182083782,0.09207275314209311,0.1289621768524385,-0.036889423710345384,"[{'dyn_color': -0.08320547576330273, 'coord_color': 0.006059593247008703, 'dyn_pos': -1.1545150991380515, 'coord_pos': 0.04588472521933318, 'dyn_identity': 0.14805553403613958, 'coord_identity': 0.03641438400096075}, {'dyn_color': -0.2398552147489539, 'coord_color': 0.15538196741841903, 'dyn_pos': -0.8023311727557982, 'coord_pos': -0.0795498989092569, 'dyn_identity': 0.02638451455317692, 'coord_identity': 0.311819396632374}, {'dyn_color': -0.2862429438465598, 'coord_color': 0.01035105960089048, 'dyn_pos': -0.522489123825884, 'coord_pos': 0.17970804471560475, 'dyn_identity': 0.10177821083696281, 'coord_identity': 0.03865274992398071}]","{0: 1, 1: 0, 2: 2}",,0,[],19.215412139892578,0.08812011778354645,0.020958267152309418
A6 (sfa=25.0 ramp),123,2500,1,"[0.12752071022987366, 0.751682460308075, 0.6657458543777466]",0.46595637346466195,0.06264843791723251,0.00047354880371131003,132.29563097604046,195.89570576141284,"[6.716615230720408, 414.2091958770776, 166.7613061764405]",0.5243016063750868,"[0.9546475601939401, 0.2898973621721101, 0.32835989675921007]","[0.12752071022987366, 0.751682460308075, 0.6657458543777466]",0.46595637346466195,0.020882813,0.0001578496,9.631994,14.353568,0.0021680675,1.0997238e-05,False,0.2839524212675444,0.3858029433869599,"[np.float64(0.7150858876308628), np.float64(0.31560836860923697), np.float64(-0.1788369924374667)]","[np.float64(0.8221258733002447), np.float64(0.4521445272469869), np.float64(-0.11686157038635174)]",0.0803281054618445,0.01782698852003347,0.020244346074752267,0.15152059367009393,0.06250111694181104,0.11924225166011664,0.13557676506245078,-0.016334513402334147,"[{'dyn_color': 0.2794473208727892, 'coord_color': 0.09759100402480252, 'dyn_pos': 0.1618420630403139, 'coord_pos': 0.8041063545136127, 'dyn_identity': 0.31293955363846704, 'coord_identity': 0.1628711610896253}, {'dyn_color': -0.02041398621065323, 'coord_color': -0.05312117075958037, 'dyn_pos': -0.06620765511481208, 'coord_pos': -0.08112946953187894, 'dyn_identity': 0.03297735607029495, 'coord_identity': 0.13097362283462055}, {'dyn_color': -0.018049018276602435, 'coord_color': 0.009011132294878266, 'dyn_pos': -0.03490136970124502, 'coord_pos': -0.26841510397145196, 'dyn_identity': 0.011809845271587904, 'coord_identity': 0.11288551126310653}]","{0: 0, 1: 1, 2: 2}",,1,"[{'step': 1107, 'ema_error': 0.21431336608175075, 'mean': np.float64(0.07211614193554282), 'std': np.float64(0.03425839946597697)}]",2.987553596496582,0.020869238302111626,0.06085862219333649
A6 (sfa=25.0 ramp),456,2500,0,"[0.6465625762939453, 0.8398729562759399, 0.6300615668296814]",0.22702931397632095,0.21095068752765656,0.0019247297896072268,109.6001571530227,101.28507264528669,"[30.12345571965646, 197.67534748250677, 76.05641473369687]",0.38337280201437135,"[0.7359558143287278, 0.20510172337141047, 0.20906086834297585]","[0.6465625762939453, 0.8398729562759399, 0.6300615668296814]",0.22702931397632095,0.070316896,0.0006415766,60.38414,18.517246,0.0011644928,3.4647517e-05,False,0.27231373939957526,0.29379674436324094,"[np.float64(0.7321670044165676), np.float64(0.0033113580623607974), np.float64(0.08146285571979735)]","[np.float64(0.8305311135162736), np.float64(0.10554359210232421), np.float64(-0.05468447252887504)]",-0.10438204778812636,-0.2586768750650132,0.0011925196865561667,0.19010431266383265,0.15429482727688681,0.014111306963498901,0.027569573331709025,-0.013458266368210124,"[{'dyn_color': -0.015746014162445404, 'coord_color': -0.18007237339466955, 'dyn_pos': 0.02249737915544814, 'coord_pos': 0.5341626041763398, 'dyn_identity': 0.027019141444856176, 'coord_identity': 0.0625441216056708}, {'dyn_color': -0.002499789133601086, 'coord_color': -0.3664852208931915, 'dyn_pos': -0.006605466478128541, 'coord_pos': 0.08869657640697237, 'dyn_identity': 0.004250723892606945, 'coord_identity': 0.005646551160675806}, {'dyn_color': -0.2949003400683326, 'coord_color': -0.2294730309071785, 'dyn_pos': -0.012314353617651097, 'coord_pos': -0.052546242591814174, 'dyn_identity': 0.01106405555303358, 'coord_identity': 0.014518047228780473}]","{0: 0, 1: 1, 2: 2}",,1,"[{'step': 873, 'ema_error': 0.11714838952750185, 'mean': np.float64(0.055194805308602185), 'std': np.float64(0.014703707505829397)}]",5.203930377960205,0.02674960158765316,0.08015692234039307
A6 (sfa=25.0 ramp),789,2500,0,"[0.7449982166290283, 0.9324749112129211, 0.6580345034599304]",0.12575256898728235,0.2605171799659729,0.0037999041378498077,68.55888213138682,128.54698099585937,"[112.35699963163538, 168.13619054964832, 105.14775280629445]",0.29320299994937443,"[0.6920493358957837, 0.06574567768137582, 0.12181398627096371]","[0.7449982166290283, 0.9324749112129211, 0.6580345034599304]",0.12575256898728235,0.08683905,0.0012666347,5.071676,17.507301,0.017122358,7.2348936e-05,False,0.17272480654589098,0.19555585871462175,"[np.float64(0.7836471327500738), np.float64(0.055024068945556996), np.float64(-0.3204967820579579)]","[np.float64(0.8636061831238845), np.float64(-0.09367484450824992), np.float64(-0.18326376247176931)]",-0.08221210804523665,-0.17838567332316013,-0.026134897387659357,0.2279798999467989,0.09617356527792348,0.03644839617238327,0.03341500595153968,0.0030333902208435903,"[{'dyn_color': 0.004122700799490546, 'coord_color': -0.12163179704086668, 'dyn_pos': 0.10887478982948795, 'coord_pos': 0.5457922182994335, 'dyn_identity': 0.06960539854372472, 'coord_identity': 0.037370691529966193}, {'dyn_color': -0.06900501414120919, 'coord_color': -0.296414963304313, 'dyn_pos': 0.021081713564534144, 'coord_pos': -0.001984890280885665, 'dyn_identity': 0.0027635427548883262, 'coord_identity': 0.009761866642878148}, {'dyn_color': -0.1817540107939913, 'coord_color': -0.11711025962430073, 'dyn_pos': -0.20836119555700017, 'coord_pos': 0.1401323718218489, 'dyn_identity': 0.03697624721853676, 'coord_identity': 0.05311245968177469}]","{0: 0, 1: 1, 2: 2}",,0,[],2.6679646968841553,0.01162918284535408,0.03874397650361061
A6 (sfa=25.0 ramp),999,2500,0,"[1.3307242393493652, 1.0139766931533813, 1.0063563585281372]",0.19870350494338784,0.11060760915279388,0.0185613464564085,5.959029395124857,129.9622152233432,"[91.86516625956405, 98.48180809962531, 199.53967131084028]",0.30176417252704096,"[0.4315468149182929, 0.3155032351521663, 0.15824246751066387]","[1.3307242393493652, 1.0139766931533813, 1.0063563585281372]",0.19870350494338784,0.036869206,0.006187115,13.883564,30.810919,0.002655601,0.00020080917,False,0.02261796046905466,-0.04662563820175967,"[np.float64(0.5652991335548144), np.float64(0.10673888709623704), np.float64(-0.6041841392438875)]","[np.float64(0.3933891101649707), np.float64(-0.2049380227417264), np.float64(-0.3283280020285233)]",-0.047509217691108684,-0.05241949019224331,-0.11902243866510631,-0.17264935662360759,0.004910272501134627,0.05122479317996431,0.06856676997313053,-0.017341976793166222,"[{'dyn_color': -0.04763437434076837, 'coord_color': 0.010169188249494717, 'dyn_pos': 0.0034096454171760326, 'coord_pos': -0.20644206813316934, 'dyn_identity': 0.005239179607321343, 'coord_identity': 0.09923385755064207}, {'dyn_color': -0.1066178681072389, 'coord_color': -0.05988483188828512, 'dyn_pos': -0.04073877494111233, 'coord_pos': -0.280128063305928, 'dyn_identity': 0.05222067390866103, 'coord_identity': 0.05049327705664408}, {'dyn_color': 0.011724589374681238, 'coord_color': -0.10754282693793953, 'dyn_pos': -0.31973818647138263, 'coord_pos': -0.03137793843172543, 'dyn_identity': 0.09621452602391056, 'coord_identity': 0.05597317531210544}]","{0: 0, 1: 1, 2: 2}",,1,"[{'step': 2347, 'ema_error': 0.057656223496927415, 'mean': np.float64(0.03559043780684978), 'std': np.float64(0.005486889184240312)}]",9.174446105957031,0.15063470602035522,0.08224580436944962
B (d_max=16 sfa=10.0),42,2500,0,"[1.982310175895691, 1.527123212814331, 1.4767695665359497]",0.4302389135264633,0.18498128652572632,0.0004917713231407106,376.1530561973101,56.643556103167406,"[14.08987497902999, 100.60670603554244, 55.23408729492978]",0.5942705481537695,"[0.9326496452557377, 0.433741724212886, 0.41642027499268486]","[1.982310175895691, 1.527123212814331, 1.4767695665359497]",0.4302389135264633,0.061660428,0.00016392377,51.92288,15.480104,0.0011875387,1.058932e-05,False,0.2671099388636444,0.3985073853094554,"[np.float64(0.8374952992363032), np.float64(0.0086076254373115), np.float64(-0.04477310808268143)]","[np.float64(0.8987652918116267), np.float64(0.03938634508542981), np.float64(0.2573705190313096)]",-0.05276071154641324,-0.05509487160496381,0.17548213506935148,0.3396886844191879,0.002334160058550569,0.02723849499170683,0.10523979633876264,-0.07800130134705581,"[{'dyn_color': -0.0066626221504338945, 'coord_color': -0.019365539996918996, 'dyn_pos': 0.0956329781392351, 'coord_pos': 0.7286507014589296, 'dyn_identity': 0.023837419040346974, 'coord_identity': 0.14258255261456354}, {'dyn_color': -0.11333893767603513, 'coord_color': -0.06336629365682873, 'dyn_pos': 0.44033102118661205, 'coord_pos': 0.29489696819063005, 'dyn_identity': 0.035592790372956484, 'coord_identity': 0.019168676241592908}, {'dyn_color': -0.038280574812770696, 'coord_color': -0.08255278116114369, 'dyn_pos': -0.009517594117792738, 'coord_pos': -0.004481616391995846, 'dyn_identity': 0.02228527556181703, 'coord_identity': 0.15396816016013148}]","{0: 0, 1: 1, 2: 2}",,1,"[{'step': 1001, 'ema_error': 0.11956611849814622, 'mean': np.float64(0.05358935609861098), 'std': np.float64(0.015555871339129935)}]",4.802736282348633,0.08457605540752411,0.14422792196273804
B (d_max=16 sfa=10.0),123,2500,1,"[0.11156709492206573, 0.8386672735214233, 0.7224147319793701]",0.36075814559264424,0.08063619583845139,0.0022464103531092405,35.89557699952185,207.01545037255002,"[12.227546199686463, 439.6495982858086, 169.16920663215495]",0.46351990685279043,"[0.9157591880436736, 0.16668074062760682, 0.30811979188709077]","[0.11156709492206573, 0.8386672735214233, 0.7224147319793701]",0.36075814559264424,0.026878731,0.00074880355,8.860489,16.252975,0.0030335495,4.6071782e-05,False,0.26890280098034325,0.3620340433586267,"[np.float64(0.6830092559963574), np.float64(0.2865959405509848), np.float64(-0.16289679360631246)]","[np.float64(0.7742687864768965), np.float64(0.39534791912074635), np.float64(-0.08351457552176249)]",0.09053283655796256,-0.00035587528963454407,0.03048693198620341,0.16496032637414268,0.0908887118475971,0.10967755652588836,0.11982192119317288,-0.010144364667284522,"[{'dyn_color': 0.272997818235893, 'coord_color': 0.04544184679575414, 'dyn_pos': 0.224472475200153, 'coord_pos': 0.7311565856547684, 'dyn_identity': 0.2991258513658974, 'coord_identity': 0.13209841368398434}, {'dyn_color': 0.009028626685055515, 'coord_color': -0.05301321716518037, 'dyn_pos': -0.023845949431607227, 'coord_pos': -0.05148153789811638, 'dyn_identity': 0.0271559583853479, 'coord_identity': 0.12228099630665956}, {'dyn_color': -0.010427935247060835, 'coord_color': 0.006503744500522601, 'dyn_pos': -0.10916572980993555, 'coord_pos': -0.18479406863422398, 'dyn_identity': 0.0027508598264197603, 'coord_identity': 0.10508635358887475}]","{0: 0, 1: 1, 2: 2}",,1,"[{'step': 1008, 'ema_error': 0.1938207374789293, 'mean': np.float64(0.06638589349464527), 'std': np.float64(0.031848094217638456)}]",2.8173751831054688,0.03672374039888382,0.09790927171707153
B (d_max=16 sfa=10.0),456,2500,0,"[0.5777758955955505, 0.8542216420173645, 1.105280876159668]",0.187155273326946,0.2762570083141327,0.0025018027517944574,110.42317704925371,100.97891886508341,"[34.47543795106553, 198.00447785850608, 70.45684078567866]",0.40949284750873954,"[0.6894986163705441, 0.20117564453704231, 0.33780428161863224]","[0.5777758955955505, 0.8542216420173645, 1.105280876159668]",0.187155273326946,0.09208567,0.0008339343,10.925592,17.656,0.008428437,4.7232345e-05,False,0.2549962603504438,0.34059145269589347,"[np.float64(0.730800308592869), np.float64(0.20688343983303986), np.float64(-0.17269496737457735)]","[np.float64(0.9204843972066422), np.float64(0.2530308152825995), np.float64(-0.15174085440156143)]",-0.23887409414768604,-0.548753452242232,0.2071629619821571,0.23454757807341517,0.30987935809454603,0.054334707734481756,0.036473568499729304,0.01786113923475245,"[{'dyn_color': -0.46780289875686637, 'coord_color': -0.4475365778913955, 'dyn_pos': 0.6384112951958697, 'coord_pos': 0.7179584733936084, 'dyn_identity': 0.1396809462960623, 'coord_identity': 0.09929504161662295}, {'dyn_color': -0.11579283694392788, 'coord_color': -0.6176884854375835, 'dyn_pos': 0.02395866476777886, 'coord_pos': 0.010892374874317157, 'dyn_identity': 0.01987563759521327, 'coord_identity': 0.007017088595364429}, {'dyn_color': -0.1330265467422639, 'coord_color': -0.5810352933977169, 'dyn_pos': -0.04088107401717722, 'coord_pos': -0.025208114047680086, 'dyn_identity': 0.0034475393121696785, 'coord_identity': 0.0031085752872005434}]","{0: 0, 1: 1, 2: 2}",,0,[],2.98889422416687,0.03371688351035118,0.06771913915872574
B (d_max=16 sfa=10.0),789,2500,0,"[0.7016674876213074, 0.6291285157203674, 0.8761097192764282]",0.07606123416890274,0.25461071729660034,0.004920177161693573,51.74828240477677,130.18155004515617,"[116.29670677297773, 168.3797951443492, 105.86814821814153]",0.2741081410065097,"[0.6787204227406292, 0.05366457155785708, 0.0899394287210429]","[0.7016674876213074, 0.6291285157203674, 0.8761097192764282]",0.07606123416890274,0.08487024,0.0016400588,4.784349,18.033049,0.017739141,9.09474e-05,False,0.17295340535405124,0.20655809199230235,"[np.float64(0.7816595356410937), np.float64(0.09270906094993478), np.float64(-0.3555083805288748)]","[np.float64(0.8607246648845632), np.float64(-0.07988878564831185), np.float64(-0.16116160325934434)]",0.022935177674526342,-0.15895216812218887,0.031000160569597607,0.2371461736931062,0.18188734579671523,0.05831040090796987,0.034568932143698085,0.023741468764271786,"[{'dyn_color': 0.08037682400265704, 'coord_color': -0.1331024739568274, 'dyn_pos': 0.16366878489777847, 'coord_pos': 0.5644324615025309, 'dyn_identity': 0.10601718294857176, 'coord_identity': 0.03385246968264788}, {'dyn_color': 0.07351403166377583, 'coord_color': -0.2490402676060297, 'dyn_pos': -0.014507287146852343, 'coord_pos': 0.0007636235322728835, 'dyn_identity': 0.056626911286162596, 'coord_identity': 0.014734151659450245}, {'dyn_color': -0.08508532264285384, 'coord_color': -0.09471376280370951, 'dyn_pos': -0.056161016042133305, 'coord_pos': 0.1462424360445148, 'dyn_identity': 0.012287108489175247, 'coord_identity': 0.05512017508899614}]","{0: 0, 1: 1, 2: 2}",,1,"[{'step': 919, 'ema_error': 0.10420084842035426, 'mean': np.float64(0.04671446730490419), 'std': np.float64(0.014173819782250128)}]",2.6740972995758057,0.012315346859395504,0.038627322763204575
B (d_max=16 sfa=10.0),999,2500,0,"[1.0865799188613892, 1.5437809228897095, 1.054521918296814]",0.1924679773446537,0.11546327918767929,0.0033533794339746237,34.43191604965307,106.88225291271671,"[26.764695295441907, 94.12410773699874, 199.7579557057095]",0.46720945643069006,"[0.8734476743721284, 0.3733449465104855, 0.15483574840945624]","[1.0865799188613892, 1.5437809228897095, 1.054521918296814]",0.1924679773446537,0.038487766,0.0011177931,6.5656147,21.712439,0.0058620204,5.1481697e-05,False,0.258871471002787,0.23436757264793973,"[np.float64(0.8420272795813358), np.float64(0.5291960459067775), np.float64(-0.5946089124797523)]","[np.float64(0.8709147717949753), np.float64(0.23457976179382095), np.float64(-0.4023918156449771)]",-0.03740962229311283,-0.07028000187754212,0.12429316791722418,0.18631506343726614,0.03287037958442929,0.02616862286482861,0.06936281777938262,-0.04319419491455401,"[{'dyn_color': -0.02217839474772813, 'coord_color': -0.07466512468203235, 'dyn_pos': 0.4698790650729121, 'coord_pos': 0.49664553327610117, 'dyn_identity': 0.006943075060833248, 'coord_identity': 0.07255124210283115}, {'dyn_color': -0.025401185590824233, 'coord_color': -0.0694442034518186, 'dyn_pos': -0.05912489148920819, 'coord_pos': 0.0024495979269972823, 'dyn_identity': 0.046467290291470564, 'coord_identity': 0.05076999386576331}, {'dyn_color': -0.06464928654078612, 'coord_color': -0.06673067749877537, 'dyn_pos': -0.03787466983203136, 'coord_pos': 0.059850059108700004, 'dyn_identity': 0.025095503242182016, 'coord_identity': 0.0847672173695534}]","{0: 0, 1: 1, 2: 2}",,1,"[{'step': 1454, 'ema_error': 0.12445396432655377, 'mean': np.float64(0.050878604584895785), 'std': np.float64(0.018210547251048804)}]",3.5387394428253174,0.03368587791919708,0.07556407898664474
