arm,seed,collapsed_eval,per_dim_std,vicreg_per_dim_std,vicreg_mean_abs_corr,centroid_mse_mean,centroid_r_mean,delta_r2_color,r2_dyn_color,r2_coord_color,r2_dyn_pos,r2_coord_pos,r2_dyn_identity,r2_coord_identity,delta_r2_identity,dim_to_obj,final_train_loss,final_sim_loss,final_var_loss,final_cov_loss,param_count,collapsed_train,per_dim_std_train,collapsed,disqualified,final_sfa_loss
A (VICReg-only control),7,False,"[1.2087328433990479, 0.7601882219314575, 0.9444600343704224]","[1.2087328433990479, 0.7601882219314575, 0.9444600343704224]",0.4771420227282664,66.56941805874412,0.1660722716647783,0.17708728913443544,-0.26350092622169613,-0.4405882153561316,0.03871197686297889,0.04077059592005864,0.10446189094137977,0.09549167614389105,0.008970214797488718,"{0: 1, 1: 2, 2: 0}",7.31512451171875,903.3019409179688,0.06185253709554672,0.22236718237400055,135608,False,"[1.137069582939148, 1.197875738143921, 0.882500946521759]",False,False,
A (VICReg-only control),17,False,"[0.7631939649581909, 1.013793706893921, 1.2137985229492188]","[0.7631939649581909, 1.013793706893921, 1.2137985229492188]",0.1273645426808112,66.97899849679767,0.48727305890239564,-0.15707598180064802,-0.2483882619115502,-0.09131228011090216,-0.27586993539408183,-0.08507011450571363,0.09443125277621682,0.057481685002038284,0.036949567774178536,"{0: 2, 1: 1, 2: 0}",2.3702392578125,1995.739013671875,0.03422348573803902,0.05354290083050728,135608,False,"[1.1479488611221313, 0.8831596970558167, 0.9438769817352295]",False,False,
A (VICReg-only control),31,False,"[0.967227041721344, 0.9508752226829529, 1.1339515447616577]","[0.967227041721344, 0.9508752226829529, 1.1339515447616577]",0.2781082271210255,205.16324254539518,0.5591096724627715,-0.08993824203023756,-0.1775133542316442,-0.08757511220140662,0.09941012116727554,-0.3198931525935867,0.07618884487252886,0.10421206305855395,-0.028023218186025087,"{0: 1, 1: 0, 2: 2}",4.255859375,3501.753173828125,0.056464433670043945,0.10942670702934265,135608,False,"[0.9619318246841431, 1.1958855390548706, 1.21787428855896]",False,False,
A (VICReg-only control),53,False,"[1.1486736536026, 0.679221510887146, 1.0565036535263062]","[1.1486736536026, 0.679221510887146, 1.0565036535263062]",0.29475715023731225,125.27150762588214,0.4301736288032178,-0.03909239293172108,-0.06956298523724556,-0.030470592305524485,-0.007444751795849284,0.08410493147583098,0.09080990465650703,0.03650442623737767,0.054305478419129354,"{0: 1, 1: 0, 2: 2}",2.485595703125,2459.7333984375,0.018040578812360764,0.07135845720767975,135608,False,"[1.018179178237915, 1.0006451606750488, 1.1358057260513306]",False,False,
A (VICReg-only control),71,False,"[0.9214791059494019, 1.387037992477417, 1.3052146434783936]","[0.9214791059494019, 1.387037992477417, 1.3052146434783936]",0.30557265529283234,54.095796131574026,0.5034922371541022,-0.06620508183741194,-0.12674057177885975,-0.0605354899414478,0.1225356786544971,-0.1860701641417439,0.08116424628585295,0.056776377134579836,0.02438786915127311,"{0: 1, 1: 0, 2: 2}",2.4482421875,4365.0810546875,0.016287634149193764,0.07783454656600952,135608,False,"[1.0988762378692627, 1.124832034111023, 0.9604969024658203]",False,False,
A (VICReg-only control),83,False,"[1.106806993484497, 1.1798503398895264, 1.0091469287872314]","[1.106806993484497, 1.1798503398895264, 1.0091469287872314]",0.07744523894373377,185.9021368086288,0.2809980686837442,0.03078066182314744,-0.04083931541585707,-0.07161997723900451,-0.10339128843192073,0.0429454620806519,0.0384955316793523,0.06601530142526153,-0.02751976974590923,"{0: 1, 1: 2, 2: 0}",1.12451171875,2169.94775390625,0.007403900381177664,0.025021804496645927,135608,False,"[1.0868805646896362, 1.1831064224243164, 1.2500689029693604]",False,False,
A (VICReg-only control),97,False,"[0.8790978193283081, 1.163002610206604, 1.1286038160324097]","[0.8790978193283081, 1.163002610206604, 1.1286038160324097]",0.14007748635471642,205.42352133597888,0.4036425921350484,0.5750689581437628,0.025604417258580203,-0.5494645408851826,-0.22949603988430411,0.287980259924096,0.08999822784138782,0.08657431589273756,0.0034239119486502573,"{0: 0, 1: 1, 2: 2}",6.06689453125,3512.3798828125,0.11820118129253387,0.11610977351665497,135608,False,"[0.8589522242546082, 1.3240395784378052, 1.1360938549041748]",False,False,
A (VICReg-only control),113,False,"[1.175364375114441, 0.966156005859375, 1.2049744129180908]","[1.175364375114441, 0.966156005859375, 1.2049744129180908]",0.20488193007864908,103.09425532721453,0.2551414894440997,-0.21050091258281778,-0.23319716759795173,-0.022696255015133962,-0.06108507429966359,0.0018602471270583083,0.0743739437757323,0.09038604083621722,-0.016012097060484926,"{0: 2, 1: 1, 2: 0}",1.58721923828125,744.1629638671875,0.0061029791831970215,0.05483052134513855,135608,False,"[1.3393588066101074, 1.1178538799285889, 0.978744387626648]",False,False,
A (VICReg-only control),127,False,"[1.3607780933380127, 1.1853948831558228, 1.1694570779800415]","[1.3607780933380127, 1.1853948831558228, 1.1694570779800415]",0.1317304605566485,360.30863189609323,0.1651456089092207,-0.06400598231987045,-0.19080388079571722,-0.12679789847584677,0.0015709798661932932,0.01738891746192735,0.06480487308542111,0.02543176087052316,0.03937311221489795,"{0: 2, 1: 1, 2: 0}",2.283203125,1154.5654296875,0.021430253982543945,0.06078255921602249,135608,False,"[1.025071382522583, 1.04104745388031, 1.145613431930542]",False,False,
A (VICReg-only control),149,False,"[0.8507044315338135, 1.3353254795074463, 1.1938523054122925]","[0.8507044315338135, 1.3353254795074463, 1.1938523054122925]",0.11293843607329485,171.9821097525285,0.5955981876477406,0.40043312524818325,0.008881380568754402,-0.3915517446794288,-0.056618643966303596,-0.2813560583499303,0.08571682322781526,0.1545902102743506,-0.06887338704653534,"{0: 2, 1: 1, 2: 0}",4.367431640625,2144.90673828125,0.07701089233160019,0.09423656761646271,135608,False,"[0.691763162612915, 1.2110514640808105, 1.0836129188537598]",False,False,
A (VICReg-only control),101,False,"[1.1424362659454346, 1.1288514137268066, 0.9202460646629333]","[1.1424362659454346, 1.1288514137268066, 0.9202460646629333]",0.2345069649769093,217.94576659030687,0.43207058245797064,-0.04022220928341862,-0.026052759856707856,0.01416944942671076,0.048905072945476635,-0.0009556126183467573,0.0680497605351446,0.08831641114968432,-0.020266650614539722,"{0: 2, 1: 0, 2: 1}",2.6783447265625,1297.6439208984375,0.020384589210152626,0.07891662418842316,135608,False,"[0.9309343099594116, 1.1554138660430908, 1.0699985027313232]",False,False,
A (VICReg-only control),103,False,"[1.3160252571105957, 1.136818766593933, 0.923122227191925]","[1.3160252571105957, 1.136818766593933, 0.923122227191925]",0.2317779549807748,209.95413356053984,0.4113146035860485,-0.29329717992139526,-0.26751862946002575,0.025778550461369527,-0.14393184401258652,-0.18145109899506537,0.12026671781892247,0.06303166437619308,0.05723505344272939,"{0: 0, 1: 1, 2: 2}",4.44189453125,1609.1220703125,0.0015749832382425666,0.17259788513183594,135608,False,"[1.0421288013458252, 1.0063486099243164, 1.1212176084518433]",False,False,
A (VICReg-only control),107,False,"[1.27696692943573, 1.1719578504562378, 1.0789164304733276]","[1.27696692943573, 1.1719578504562378, 1.0789164304733276]",0.3442184802989104,132.04759855061198,0.28579934836514964,0.1253909991042443,-0.1214915917012202,-0.2468825908054645,0.056129137883427584,0.004281644220561283,0.0348044275985665,0.03752511999388467,-0.002720692395318171,"{0: 0, 1: 1, 2: 2}",4.277099609375,2201.18212890625,0.009522318840026855,0.15327264368534088,135608,False,"[1.1613534688949585, 1.052840232849121, 1.05377197265625]",False,False,
A (VICReg-only control),109,False,"[0.950430691242218, 1.0504642724990845, 0.86311936378479]","[0.950430691242218, 1.0504642724990845, 0.86311936378479]",0.10584233818761431,80.57850654994327,0.37828484408930363,-0.058688309042983,-0.19339839105845455,-0.13471008201547155,-0.1359955699827933,-0.09050967412907444,0.033396907338226645,0.06846588163212149,-0.03506897429389484,"{0: 1, 1: 0, 2: 2}",7.341796875,1661.462158203125,0.06169474124908447,0.22189417481422424,135608,False,"[1.0591672658920288, 1.121648907661438, 1.1075098514556885]",False,False,
A (VICReg-only control),131,False,"[1.4106121063232422, 1.2728347778320312, 1.260852575302124]","[1.4106121063232422, 1.2728347778320312, 1.260852575302124]",0.29572141402417157,85.61516941691508,0.17095441363964425,0.3340558787545889,0.14027746924280823,-0.19377840951178069,-0.43801707971837683,-0.11585389443082435,0.1771581684951957,0.031121476938405574,0.1460366915567901,"{0: 2, 1: 1, 2: 0}",1.6195068359375,1110.8472900390625,0.02486618421971798,0.033194392919540405,135608,False,"[0.8643568754196167, 1.2565251588821411, 1.0234949588775635]",False,False,
A (VICReg-only control),137,False,"[1.3354674577713013, 1.2024163007736206, 1.1799249649047852]","[1.3354674577713013, 1.2024163007736206, 1.1799249649047852]",0.12580071654651806,113.36258315407248,0.4726120506168063,0.1433913521974814,-0.04049898074796878,-0.18389033294545018,-0.11340076771654084,-0.05974492061437956,0.05269330757839016,0.10542289277352128,-0.05272958519513112,"{0: 0, 1: 1, 2: 2}",6.23583984375,4458.93408203125,0.015087027102708817,0.22649610042572021,135608,False,"[1.0844628810882568, 0.9716841578483582, 1.2489759922027588]",False,False,
A (VICReg-only control),139,False,"[0.7856268286705017, 0.9801625609397888, 1.1776036024093628]","[0.7856268286705017, 0.9801625609397888, 1.1776036024093628]",0.39203070025047704,245.8580568970348,0.43782846809725623,0.10281921989669549,-0.03634712078404805,-0.13916634068074354,-0.3029151875192386,-0.2619911617395117,0.06930557297696367,0.028020687987625248,0.041284884989338425,"{0: 1, 1: 2, 2: 0}",2.788818359375,1973.5382080078125,0.01672893762588501,0.08702549338340759,135608,False,"[1.0908753871917725, 0.9711153507232666, 1.0906602144241333]",False,False,
A (VICReg-only control),151,False,"[1.0426403284072876, 0.907200276851654, 1.051527500152588]","[1.0426403284072876, 0.907200276851654, 1.051527500152588]",0.25933372146805583,150.74586634821193,0.2174295683034976,-0.03591941595028324,-0.1356825723769025,-0.09976315642661927,-0.29357860306769124,-0.05776539987103061,0.1292639407167184,0.06698059521133155,0.06228334550538685,"{0: 1, 1: 0, 2: 2}",2.321044921875,2532.29345703125,0.0,0.08205316215753555,135608,False,"[1.2753204107284546, 1.089560627937317, 1.0162395238876343]",False,False,
A (VICReg-only control),157,False,"[0.6793819665908813, 1.1573680639266968, 0.9995501041412354]","[0.6793819665908813, 1.1573680639266968, 0.9995501041412354]",0.13280574001569648,115.31746874061442,0.12458162480727479,-0.07392791807347586,-0.057507926240070534,0.01641999183340533,-0.04676889778364968,0.0905957763339064,0.0796250813840446,0.1471241668233093,-0.06749908543926471,"{0: 0, 1: 2, 2: 1}",9.301925659179688,249.52821350097656,0.07378089427947998,0.29277026653289795,135608,False,"[1.2087485790252686, 1.1293119192123413, 0.8968980312347412]",False,False,
A (VICReg-only control),163,False,"[1.1979180574417114, 1.1168445348739624, 1.1389206647872925]","[1.1979180574417114, 1.1168445348739624, 1.1389206647872925]",0.10734478707093621,300.419981230858,0.38296438410250894,0.12939555006580267,-0.07133174665205087,-0.20072729671785353,-0.22874353215104049,-0.1726736740639443,0.043231780449440836,0.029785791928722327,0.013445988520718509,"{0: 0, 1: 1, 2: 2}",8.94378662109375,857.6864624023438,0.04711539298295975,0.3042607307434082,135608,False,"[0.9971257448196411, 1.2434836626052856, 0.9280587434768677]",False,False,
"B (SFA+VICReg, sfa=5.0)",7,False,"[1.383201241493225, 0.9745151400566101, 1.0626932382583618]","[1.383201241493225, 0.9745151400566101, 1.0626932382583618]",0.39647568039631936,71.78086871726269,0.06456697364276859,0.7727784438243037,-0.348165392787154,-1.1209438366114577,-0.13204755314582273,-0.00611500306798433,0.02278284423600374,0.02355940019479404,-0.0007765559587902988,"{0: 1, 1: 2, 2: 0}",2.2982864379882812,101.42540740966797,0.005522529128938913,0.06546100974082947,135608,False,"[0.9991166591644287, 1.0744380950927734, 1.2018612623214722]",False,False,0.07204537838697433
"B (SFA+VICReg, sfa=5.0)",17,False,"[1.0303469896316528, 1.1592730283737183, 0.875186562538147]","[1.0303469896316528, 1.1592730283737183, 0.875186562538147]",0.042863455995959365,90.29525263128528,0.2535825286610749,0.09529891896166715,-0.035612015949640315,-0.13091093491130745,0.15924656377795368,-0.24952625142527438,0.028742718834698994,0.04706360548738916,-0.018320886652690164,"{0: 2, 1: 1, 2: 0}",3.0044479370117188,6.820908069610596,0.05485653877258301,0.03797101229429245,135608,False,"[1.183616280555725, 0.958495557308197, 0.9061927199363708]",False,False,0.11626485735177994
"B (SFA+VICReg, sfa=5.0)",31,False,"[1.310414433479309, 1.2630285024642944, 0.8645572066307068]","[1.310414433479309, 1.2630285024642944, 0.8645572066307068]",0.09632634956979484,207.01956262386716,0.5197417358439019,-0.3520872260968353,-0.3588370322987889,-0.006749806201953608,-0.07747724372197062,-0.02637418380103555,0.02056847211116038,0.025043185441398053,-0.004474713330237672,"{0: 0, 1: 2, 2: 1}",4.750212669372559,8.94273567199707,0.05357960984110832,0.09980323910713196,135608,False,"[1.1513241529464722, 1.26815664768219, 1.0741140842437744]",False,False,0.1739261895418167
"B (SFA+VICReg, sfa=5.0)",53,False,"[0.8680583834648132, 1.1542837619781494, 0.911353588104248]","[0.8680583834648132, 1.1542837619781494, 0.911353588104248]",0.3281058060885939,137.15371685925368,0.4717165779992422,-0.04840061148907422,-0.1714188415120845,-0.12301823002301028,-0.01208409227475223,-0.12926003723890697,0.035687672879309185,0.06333307889955235,-0.027645406020243166,"{0: 1, 1: 0, 2: 2}",4.325692176818848,12.992035865783691,0.03725546598434448,0.09976264834403992,135608,False,"[0.9810442924499512, 1.102358102798462, 1.0898659229278564]",False,False,0.15091155469417572
"B (SFA+VICReg, sfa=5.0)",71,False,"[1.3406065702438354, 1.226110577583313, 1.2482761144638062]","[1.3406065702438354, 1.226110577583313, 1.2482761144638062]",0.04857638633477021,66.59957851325613,0.1938892855173163,0.041272524827395095,-0.06014735862613362,-0.10141988345352872,0.0046644593785521255,0.11059889445232507,0.018120726817242933,0.03806784574250296,-0.019947118925260025,"{0: 1, 1: 2, 2: 0}",1.699631690979004,13.29028606414795,0.0036146442871540785,0.021287309005856514,135608,False,"[1.004932165145874, 1.2227903604507446, 1.0405715703964233]",False,False,0.16140587627887726
"B (SFA+VICReg, sfa=5.0)",83,False,"[0.8525862693786621, 1.2030136585235596, 1.1784694194793701]","[0.8525862693786621, 1.2030136585235596, 1.1784694194793701]",0.06400240128245828,111.75836228218562,0.3960090331409964,-0.07945054916466626,-0.06430041203190252,0.015150137132763745,-0.34365483847820455,0.08624295357953082,0.05768885139568739,0.04826658061545356,0.009422270780233832,"{0: 1, 1: 2, 2: 0}",4.829334259033203,33.2603874206543,0.038130998611450195,0.12079190462827682,135608,False,"[0.9523711800575256, 1.2208466529846191, 1.2110005617141724]",False,False,0.13667483627796173
"B (SFA+VICReg, sfa=5.0)",97,False,"[0.9893265962600708, 0.89670729637146, 0.7413356304168701]","[0.9893265962600708, 0.89670729637146, 0.7413356304168701]",0.09614551750011746,259.9565687835998,0.3069802790879954,0.9152374666389905,-0.07510458146059999,-0.9903420480995905,-0.012551767823541246,-0.1354167083672384,0.043797366835711636,0.02410705618856453,0.019690310647147106,"{0: 2, 1: 0, 2: 1}",3.2330331802368164,14.483689308166504,0.05883852764964104,0.05057263374328613,135608,False,"[1.0114864110946655, 1.176251769065857, 1.089484453201294]",False,False,0.08380147069692612
"B (SFA+VICReg, sfa=5.0)",113,False,"[1.1198080778121948, 0.9477019309997559, 1.1393473148345947]","[1.1198080778121948, 0.9477019309997559, 1.1393473148345947]",0.12506215046162075,96.52181646117519,0.21266776208053095,0.0028584688939060077,-0.0625742062366151,-0.0654326751305211,-0.05920960413148398,0.07539557228106071,0.05312192009736042,0.03286836674558069,0.02025355335177973,"{0: 1, 1: 2, 2: 0}",2.6887760162353516,6.535554885864258,0.029053151607513428,0.05662369728088379,135608,False,"[1.1107426881790161, 1.1521669626235962, 0.9273912310600281]",False,False,0.10212194174528122
"B (SFA+VICReg, sfa=5.0)",127,False,"[1.266898512840271, 1.4320636987686157, 1.2698554992675781]","[1.266898512840271, 1.4320636987686157, 1.2698554992675781]",0.10902214101754858,308.98532825963997,0.3858504603893944,0.21731125550915206,-0.060340363126409745,-0.2776516186355618,-0.3550983149690295,-0.017777941008385294,0.07807752782764565,0.024224405580146786,0.05385312224749887,"{0: 2, 1: 0, 2: 1}",19.064720153808594,73.5566635131836,0.06269979476928711,0.6802380084991455,135608,False,"[1.1194641590118408, 0.8473930954933167, 0.9933869242668152]",False,False,0.09002599120140076
"B (SFA+VICReg, sfa=5.0)",149,False,"[1.5414408445358276, 0.8577545285224915, 1.2303270101547241]","[1.5414408445358276, 0.8577545285224915, 1.2303270101547241]",0.12085698165044223,268.3649473459015,0.23207691701452515,0.356565357131264,-0.03317727141019087,-0.3897426285414549,-0.0735900472372069,-0.4299089417742306,0.061414908257036514,0.08577639633845087,-0.024361488081414355,"{0: 2, 1: 1, 2: 0}",3.0637054443359375,168.7151336669922,0.0737367495894432,0.032708942890167236,135608,False,"[1.364535927772522, 0.7911859154701233, 1.1217315196990967]",False,False,0.06106829270720482
"B (SFA+VICReg, sfa=5.0)",101,False,"[0.9209396243095398, 1.0387096405029297, 1.030377745628357]","[0.9209396243095398, 1.0387096405029297, 1.030377745628357]",0.14599601592264957,239.1921146614968,0.3100087858363896,0.09805580607057918,-0.016052801748241235,-0.11410860781882042,0.018686951115147177,0.1056859225823018,0.03410079306346936,0.06105763540211614,-0.02695684233864678,"{0: 1, 1: 0, 2: 2}",2.58168888092041,13.686239242553711,0.0,0.08338001370429993,135608,False,"[1.0473053455352783, 1.1177157163619995, 1.1525955200195312]",False,False,0.0853012204170227
"B (SFA+VICReg, sfa=5.0)",103,False,"[1.1396597623825073, 0.9249141216278076, 1.3922134637832642]","[1.1396597623825073, 0.9249141216278076, 1.3922134637832642]",0.17210609785715203,179.52478686050426,0.3091752482795142,0.1568818651388566,-0.013751691151845047,-0.17063355629070165,-0.03529006834626166,-0.2545743059795693,0.018400035382232078,0.03335274900103032,-0.014952713618798245,"{0: 0, 1: 1, 2: 2}",3.9751205444335938,46.250572204589844,0.03910299018025398,0.0768338218331337,135608,False,"[1.0983681678771973, 1.2769699096679688, 0.8967573642730713]",False,False,0.1722572296857834
"B (SFA+VICReg, sfa=5.0)",107,False,"[1.1824836730957031, 1.5471360683441162, 1.3138710260391235]","[1.1824836730957031, 1.5471360683441162, 1.3138710260391235]",0.3154918920308957,135.40128815562323,0.3222932142113176,0.18017376089293444,-0.1867128632328158,-0.36688662412575024,0.01316334728657457,-0.013311115119189735,0.06970057804149805,0.04928292058950071,0.02041765745199734,"{0: 1, 1: 2, 2: 0}",2.457061767578125,285.7696533203125,0.0,0.06700890511274338,135608,False,"[1.028450608253479, 1.3910683393478394, 1.1622254848480225]",False,False,0.10472219437360764
"B (SFA+VICReg, sfa=5.0)",109,False,"[0.8892536163330078, 1.1181988716125488, 1.1267613172531128]","[0.8892536163330078, 1.1181988716125488, 1.1267613172531128]",0.1153198798314163,68.55715134361417,0.4761837619991132,0.16134393271677017,-0.007535379781724016,-0.1688793124984942,0.027748758973424287,0.03744218433816193,0.07816427975648255,0.08099223066974892,-0.002827950913266375,"{0: 1, 1: 2, 2: 0}",6.075946807861328,45.45981979370117,0.13077139854431152,0.08843287080526352,135608,False,"[1.2765741348266602, 1.2916518449783325, 0.7632514834403992]",False,False,0.10735880583524704
"B (SFA+VICReg, sfa=5.0)",131,False,"[1.0592821836471558, 1.0113813877105713, 1.0652052164077759]","[1.0592821836471558, 1.0113813877105713, 1.0652052164077759]",0.09736770983931498,64.05758680954735,0.29851702034900857,0.11758235425500765,-0.042624042453518585,-0.16020639670852624,-0.1299956049667026,-0.05617496891041326,0.027007779049849263,0.12319299418273288,-0.09618521513288363,"{0: 2, 1: 0, 2: 1}",4.860040664672852,9.870100021362305,0.0,0.13349315524101257,135608,False,"[1.0234637260437012, 1.313848614692688, 1.2522395849227905]",False,False,0.28081223368644714
"B (SFA+VICReg, sfa=5.0)",137,False,"[1.3188689947128296, 1.4165396690368652, 1.2074767351150513]","[1.3188689947128296, 1.4165396690368652, 1.2074767351150513]",0.1497327456070223,131.94069808324002,0.2931266957602857,2.3942816894541994,0.021072157047324725,-2.3732095324068747,-0.00839856507095793,-0.27739849946909617,0.02823255897300862,0.06264180733501905,-0.034409248362010425,"{0: 2, 1: 0, 2: 1}",4.684049129486084,3.4547324180603027,0.024140456691384315,0.11662771552801132,135608,False,"[1.1186168193817139, 0.9423661231994629, 1.1362855434417725]",False,False,0.2048880010843277
"B (SFA+VICReg, sfa=5.0)",139,False,"[0.9954679608345032, 0.9941202402114868, 1.029871940612793]","[0.9954679608345032, 0.9941202402114868, 1.029871940612793]",0.09556592023822745,257.0668141890639,0.3717467109937039,0.2195281980781657,0.009846119209454022,-0.20968207886871168,-0.12262849828919824,0.11843159315855885,0.05872089860134788,0.03530924298214281,0.023411655619205073,"{0: 0, 1: 1, 2: 2}",5.634254455566406,71.18476104736328,0.04354581981897354,0.11545579880475998,135608,False,"[1.1324454545974731, 0.9543746709823608, 1.0176728963851929]",False,False,0.30980974435806274
"B (SFA+VICReg, sfa=5.0)",151,False,"[0.881145179271698, 1.1688730716705322, 0.9329746961593628]","[0.881145179271698, 1.1688730716705322, 0.9329746961593628]",0.33487872253242407,117.25018857880268,0.482734770066936,-0.2232624668947446,-0.2898721608525348,-0.06660969395779022,-0.4828120608558651,-0.4523373495794984,0.0942004970357937,0.07185237171538901,0.022348125320404685,"{0: 1, 1: 0, 2: 2}",6.520843505859375,396.1129455566406,0.1571163535118103,0.048757653683423996,135608,False,"[0.9401133060455322, 0.9552908539772034, 1.2744096517562866]",False,False,0.12875181436538696
"B (SFA+VICReg, sfa=5.0)",157,False,"[1.0697784423828125, 1.1435989141464233, 1.2696778774261475]","[1.0697784423828125, 1.1435989141464233, 1.2696778774261475]",0.07839323928704356,111.45278782999321,0.2310567426385229,0.37576345315994175,-0.09643986752039484,-0.4722033206803366,0.05922057140509751,0.15102022825999906,0.03940622271416879,0.05695906338655343,-0.01755284067238464,"{0: 1, 1: 0, 2: 2}",9.45389175415039,37.7445182800293,0.12045540660619736,0.23706218600273132,135608,False,"[1.2302687168121338, 1.0773473978042603, 0.8992391228675842]",False,False,0.09467530995607376
"B (SFA+VICReg, sfa=5.0)",163,False,"[1.3579007387161255, 0.9751805067062378, 1.027159333229065]","[1.3579007387161255, 0.9751805067062378, 1.027159333229065]",0.04303085667984002,274.1426685987073,0.37656339194624283,0.09590945213999075,-0.045967600542221786,-0.14187705268221254,-0.017444586980929877,-0.25796176194993936,0.03665579347647644,0.0531428439356206,-0.016487050459144156,"{0: 0, 1: 2, 2: 1}",12.119219779968262,3.535874605178833,0.01917036436498165,0.4245489537715912,135608,False,"[0.9701650738716125, 1.2204087972640991, 1.0033009052276611]",False,False,0.1801285296678543
"C (SFA+VICReg, sfa=1.0)",7,False,"[1.1747595071792603, 1.197868824005127, 1.2166684865951538]","[1.1747595071792603, 1.197868824005127, 1.2166684865951538]",0.4028107400980185,70.71468357383806,0.15201566624665558,-0.05881694369875912,-0.4599349355625393,-0.40111799186378017,0.03972780167540931,-0.0362379395131226,0.0425603570835685,0.03332359553665613,0.009236761546912373,"{0: 1, 1: 2, 2: 0}",2.0010986328125,54.37086486816406,0.028240064159035683,0.04355322942137718,135608,False,"[1.1435863971710205, 1.2540339231491089, 0.9298697113990784]",False,False,0.07819431275129318
"C (SFA+VICReg, sfa=1.0)",17,False,"[1.07185697555542, 1.1273388862609863, 1.0417109727859497]","[1.07185697555542, 1.1273388862609863, 1.0417109727859497]",0.04384519062772721,89.91026866036005,0.2800854070603836,0.10517949587976883,-0.01274261531851517,-0.117922111198284,0.18456146878650603,-0.243140896942761,0.027662261339376288,0.045953200291551144,-0.018290938952174856,"{0: 2, 1: 1, 2: 0}",2.7595815658569336,9.149662017822266,0.0114199323579669,0.08758071810007095,135608,False,"[1.1348931789398193, 1.2079906463623047, 0.9811403751373291]",False,False,0.2066899687051773
"C (SFA+VICReg, sfa=1.0)",31,False,"[1.484606146812439, 1.3499878644943237, 0.9221040606498718]","[1.484606146812439, 1.3499878644943237, 0.9221040606498718]",0.09029063124119546,211.5261784579226,0.5004303932985003,-0.3221400741211171,-0.3531521097107053,-0.03101203558958822,-0.06396097888382853,-1.0918118291125545e-05,0.014441760065967238,0.024596380880661555,-0.010154620814694317,"{0: 0, 1: 2, 2: 1}",4.451612949371338,7.184396266937256,0.03191928192973137,0.13334211707115173,135608,False,"[1.2320886850357056, 1.2863130569458008, 1.0866373777389526]",False,False,0.26747825741767883
"C (SFA+VICReg, sfa=1.0)",53,False,"[1.2237608432769775, 1.0696364641189575, 1.0441347360610962]","[1.2237608432769775, 1.0696364641189575, 1.0441347360610962]",0.11748321286810147,135.2655023362981,0.4666289259657474,0.04027998832596433,-0.044540313084375754,-0.08482030141034008,0.045927720066519274,-0.04659377606605416,0.020104973525072973,0.09533051057484665,-0.07522553704977368,"{0: 1, 1: 0, 2: 2}",3.1215038299560547,28.78603744506836,0.059668801724910736,0.04528427496552467,135608,False,"[1.0382391214370728, 0.9265292882919312, 1.1512800455093384]",False,False,0.31223002076148987
"C (SFA+VICReg, sfa=1.0)",71,False,"[1.339755654335022, 1.1678798198699951, 1.090072751045227]","[1.339755654335022, 1.1678798198699951, 1.090072751045227]",0.04674329725695222,68.36901649317693,0.14947047380946854,0.13911187478321876,0.0024349184641997783,-0.136676956319019,-0.04956733573301745,0.09577246399630772,0.022011244667883772,0.0320626555165208,-0.010051410848637029,"{0: 1, 1: 2, 2: 0}",1.3089990615844727,11.84932804107666,0.012588679790496826,0.020277587696909904,135608,False,"[1.0142015218734741, 0.9793265461921692, 1.4422416687011719]",False,False,0.2150898575782776
"C (SFA+VICReg, sfa=1.0)",83,False,"[1.2957760095596313, 1.188105583190918, 1.0510976314544678]","[1.2957760095596313, 1.188105583190918, 1.0510976314544678]",0.052252549594268095,195.24208749371635,0.2720863792694555,-0.02099503874507447,-0.029891770061935136,-0.008896731316860664,-0.22496911538921852,0.05093601912199023,0.044087029978651215,0.0444000024307735,-0.0003129724521222857,"{0: 0, 1: 1, 2: 2}",5.964325428009033,6.0388922691345215,0.021876534447073936,0.19499975442886353,135608,False,"[1.2680314779281616, 0.9834897518157959, 1.0665777921676636]",False,False,0.44972822070121765
"C (SFA+VICReg, sfa=1.0)",97,False,"[0.785719633102417, 0.9372082948684692, 0.84763503074646]","[0.785719633102417, 0.9372082948684692, 0.84763503074646]",0.10403272039540264,260.3151286053981,0.31447870782675036,0.734190019474893,-0.022695284398784887,-0.7568853038736779,-0.04737787312091354,-0.09115577308502743,0.04391511962606428,0.02750884817869481,0.016406271447369468,"{0: 2, 1: 0, 2: 1}",2.991909980773926,9.668440818786621,0.058654628694057465,0.05228818953037262,135608,False,"[0.9590798616409302, 1.2516567707061768, 1.1099929809570312]",False,False,0.1138564720749855
"C (SFA+VICReg, sfa=1.0)",113,False,"[1.2342222929000854, 0.9318791627883911, 1.1736111640930176]","[1.2342222929000854, 0.9318791627883911, 1.1736111640930176]",0.09687758811949276,97.32208442040474,0.24205080347183064,0.0030071123117421314,-0.047013650055798495,-0.050020762367540626,-0.0712723186456679,0.07452096895802744,0.06136130895708417,0.03300188231593115,0.02835942664115302,"{0: 1, 1: 2, 2: 0}",2.7397594451904297,5.82895040512085,0.03555433079600334,0.0666387528181076,135608,False,"[1.220564603805542, 1.201982855796814, 1.0300370454788208]",False,False,0.1441352516412735
"C (SFA+VICReg, sfa=1.0)",127,False,"[1.391797423362732, 1.3220784664154053, 1.3444349765777588]","[1.391797423362732, 1.3220784664154053, 1.3444349765777588]",0.0873310248709273,333.0560456219683,0.3311591311504308,-0.040375859604718074,-0.03276516048436554,0.007610699120352531,-0.12303588551845117,-0.02089624717761736,0.03229557188441464,0.03470290353856479,-0.0024073316541501494,"{0: 0, 1: 1, 2: 2}",11.068046569824219,8.410674095153809,0.0,0.4255744218826294,135608,False,"[1.093787431716919, 1.1211044788360596, 1.1520715951919556]",False,False,0.3969724178314209
"C (SFA+VICReg, sfa=1.0)",149,False,"[1.5520728826522827, 1.101364254951477, 1.022032380104065]","[1.5520728826522827, 1.101364254951477, 1.022032380104065]",0.08373047603604111,261.0212067782657,0.270930911671785,0.3804139165082379,-0.051378542835903006,-0.4317924593441409,0.06205273635134937,-0.2116065587929293,0.05843938410951366,0.08839649987018501,-0.02995711576067135,"{0: 1, 1: 2, 2: 0}",2.51676082611084,5.000372886657715,0.06063513085246086,0.029841316863894463,135608,False,"[1.2519960403442383, 1.0616214275360107, 0.831122875213623]",False,False,0.1550159603357315
"C (SFA+VICReg, sfa=1.0)",101,False,"[0.9910405874252319, 1.0028793811798096, 0.9684866666793823]","[0.9910405874252319, 1.0028793811798096, 0.9684866666793823]",0.14059603729021328,240.88993108322848,0.2959810525106375,0.17292502811556398,0.07502315187485342,-0.09790187624071055,-0.022746586467009482,0.07330929194219189,0.06036850301039339,0.06012778153811712,0.00024072147227627294,"{0: 1, 1: 0, 2: 2}",1.198415756225586,19.03485679626465,0.0024394590873271227,0.04002750664949417,135608,False,"[1.008514404296875, 1.097791075706482, 1.1077605485916138]",False,False,0.08392402529716492
"C (SFA+VICReg, sfa=1.0)",103,False,"[1.2749354839324951, 0.8402784466743469, 1.4104182720184326]","[1.2749354839324951, 0.8402784466743469, 1.4104182720184326]",0.10390011007212392,180.53722029528421,0.3012506511679849,0.13981919668814877,-0.010365805188865762,-0.15018500187701453,0.0001845932469212904,-0.2658231782957295,0.01613920044772943,0.035496827891802786,-0.019357627444073357,"{0: 0, 1: 1, 2: 2}",3.5950965881347656,51.25551986694336,0.03885382413864136,0.08931191265583038,135608,False,"[1.272156834602356, 1.2142285108566284, 0.8975169062614441]",False,False,0.20237575471401215
"C (SFA+VICReg, sfa=1.0)",107,False,"[1.2614866495132446, 1.3776741027832031, 1.191359519958496]","[1.2614866495132446, 1.3776741027832031, 1.191359519958496]",0.32384957071609094,133.38981186052408,0.3449663119611421,0.1361977038238767,-0.22088332777877095,-0.35708103160264765,0.01550468700832656,-0.0684141709065544,0.05905587411839667,0.046540189544673836,0.012515684573722832,"{0: 1, 1: 2, 2: 0}",3.6440887451171875,139.6306610107422,0.010939736850559711,0.12502293288707733,135608,False,"[1.0840352773666382, 1.2822620868682861, 1.1033412218093872]",False,False,0.09834986925125122
"C (SFA+VICReg, sfa=1.0)",109,False,"[0.9721692204475403, 1.1194443702697754, 1.0474646091461182]","[0.9721692204475403, 1.1194443702697754, 1.0474646091461182]",0.1752813582415346,68.5347041074735,0.4789617162282786,-0.06433140226794505,-0.010283394234228553,0.0540480080337165,0.014663583120678022,0.08076732429751947,0.07183198461910952,0.08487619962899177,-0.01304421500988226,"{0: 2, 1: 1, 2: 0}",6.7530517578125,34.580570220947266,0.09151814877986908,0.1708095669746399,135608,False,"[1.1509078741073608, 1.3211737871170044, 0.8757210373878479]",False,False,0.14116054773330688
"C (SFA+VICReg, sfa=1.0)",131,False,"[1.086730718612671, 0.9907283186912537, 1.0514315366744995]","[1.086730718612671, 0.9907283186912537, 1.0514315366744995]",0.11455456651989333,65.72417577056125,0.286249599912861,0.11424707975645013,-0.02944283474824144,-0.14368991450469157,-0.07520162039658244,-0.028587228829399607,0.011400317809950211,0.1264690087170266,-0.11506869090707639,"{0: 2, 1: 0, 2: 1}",2.3589859008789062,11.923977851867676,0.0,0.07955579459667206,135608,False,"[1.0679333209991455, 1.095268964767456, 1.147936224937439]",False,False,0.24725788831710815
"C (SFA+VICReg, sfa=1.0)",137,False,"[1.372056484222412, 1.4692672491073608, 1.4046870470046997]","[1.372056484222412, 1.4692672491073608, 1.4046870470046997]",0.13265125415974774,136.87168191015326,0.2193439926018821,0.7413137986283911,-0.009078319094254125,-0.7503921177226452,-0.01276012357711842,-0.291658139549928,0.022387247084212247,0.0835433501758324,-0.06115610309162016,"{0: 0, 1: 1, 2: 2}",3.505535364151001,3.1441538333892822,0.007417460437864065,0.11862894147634506,135608,False,"[1.1529691219329834, 0.9933406710624695, 1.2947274446487427]",False,False,0.1821012943983078
"C (SFA+VICReg, sfa=1.0)",139,False,"[1.01063072681427, 1.0367709398269653, 1.0432411432266235]","[1.01063072681427, 1.0367709398269653, 1.0432411432266235]",0.06988607588331447,256.6087935796388,0.3793625155871812,0.08329774591354132,-0.020703134557276088,-0.1040008804708174,-0.04258463010198743,0.14148329697495063,0.031770344075120215,0.03278393105452478,-0.0010135869794045682,"{0: 0, 1: 2, 2: 1}",4.76025390625,68.40787506103516,0.09835398197174072,0.07593001425266266,135608,False,"[0.7777450084686279, 1.099875807762146, 1.2555210590362549]",False,False,0.2934703230857849
"C (SFA+VICReg, sfa=1.0)",151,False,"[1.0461827516555786, 1.1464468240737915, 1.036681056022644]","[1.0461827516555786, 1.1464468240737915, 1.036681056022644]",0.0698889779114809,126.81473623959856,0.3944263479997489,0.1430231428846459,-0.029370763858616283,-0.1723939067432622,-0.11069286070166055,0.13438382584676709,0.05016301119824621,0.07131930239548838,-0.021156291197242168,"{0: 1, 1: 0, 2: 2}",4.02105712890625,374.97113037109375,0.0,0.139352485537529,135608,False,"[1.2178268432617188, 1.0349503755569458, 1.2875702381134033]",False,False,0.3073648512363434
"C (SFA+VICReg, sfa=1.0)",157,False,"[1.055582880973816, 1.0282783508300781, 0.9584618806838989]","[1.055582880973816, 1.0282783508300781, 0.9584618806838989]",0.110464685078782,110.29975199729112,0.258384028137246,0.48595356583654503,-0.0060879557631347845,-0.49204152159967984,0.02404463179698742,0.16433593392228418,0.029382731729664102,0.05836319919801514,-0.028980467468351034,"{0: 1, 1: 0, 2: 2}",10.628019332885742,17.371212005615234,0.09132874011993408,0.32740288972854614,135608,False,"[1.0718930959701538, 1.1024702787399292, 0.9153227210044861]",False,False,0.11329010128974915
"C (SFA+VICReg, sfa=1.0)",163,False,"[1.1776210069656372, 1.1701496839523315, 1.3065823316574097]","[1.1776210069656372, 1.1701496839523315, 1.3065823316574097]",0.14469913914758767,300.09997978548614,0.315241332381474,-0.05607516200039196,-0.0756074273496549,-0.019532265349262928,-0.24221944105838888,0.05887609524305452,0.02585605316514905,0.027116529109115772,-0.0012604759439667212,"{0: 0, 1: 1, 2: 2}",6.416219711303711,24.83340835571289,0.0057448348961770535,0.24061256647109985,135608,False,"[1.2997934818267822, 1.0226600170135498, 0.9984390735626221]",False,False,0.09452470391988754
